t,target,cmd,measured
0,20,32080,13.8
0.005,20,-22055.1,17.1
0.01,20,-5268.33,18
0.015,20,-1431.92,18.3
0.02,20,-473.118,18.3
0.025,20,6.88625,18.3
0.03,20,6.8905,18.3
0.035,20,6.89475,18.3
0.04,20,6.899,18.3
0.045,20,6.90325,18.3
0.05,20,6.9075,18.3
0.055,20,6.91175,18.3
0.06,20,6.916,18.3
0.065,20,6.92025,18.3
0.07,20,6.9245,18.3
0.075,20,6.92875,18.3
0.08,20,6.933,18.3
0.085,20,6.93725,18.3
0.09,20,6.9415,18.3
0.095,20,6.94575,18.3
0.1,20,6.95,18.3
0.105,20,6.95425,18.3
0.11,20,6.9585,18.3
0.115,20,6.96275,18.3
0.12,20,6.967,18.3
0.125,20,6.97125,18.3
0.13,20,6.9755,18.3
0.135,20,6.97975,18.3
0.14,20,6.984,18.3
0.145,20,6.98825,18.3
0.15,20,6.9925,18.3
0.155,20,6.99675,18.3
0.16,20,7.001,18.3
0.165,20,7.00525,18.3
0.17,20,7.0095,18.3
0.175,20,7.01375,18.3
0.18,20,7.018,18.3
0.185,20,7.02225,18.3
0.19,20,7.0265,18.3
0.195,20,7.03075,18.3
0.2,20,7.035,18.3
0.205,20,7.03925,18.3
0.21,20,7.0435,18.3
0.215,20,7.04775,18.3
0.22,20,7.052,18.3
0.225,20,7.05625,18.3
0.23,20,7.0605,18.3
0.235,20,7.06475,18.3
0.24,20,7.069,18.3
0.245,20,7.07325,18.3
0.25,20,7.0775,18.3
0.255,20,7.08175,18.3
0.26,20,7.086,18.3
0.265,20,7.09025,18.3
0.27,20,7.0945,18.3
0.275,20,7.09875,18.3
0.28,20,7.103,18.3
0.285,20,7.10725,18.3
0.29,20,7.1115,18.3
0.295,20,7.11575,18.3
0.3,20,7.12,18.3
0.305,20,7.12425,18.3
0.31,20,7.1285,18.3
0.315,20,7.13275,18.3
0.32,20,7.137,18.3
0.325,20,7.14125,18.3
0.33,20,7.1455,18.3
0.335,20,7.14975,18.3
0.34,20,7.154,18.3
0.345,20,7.15825,18.3
0.35,20,7.1625,18.3
0.355,20,7.16675,18.3
0.36,20,7.171,18.3
0.365,20,7.17525,18.3
0.37,20,7.1795,18.3
0.375,20,7.18375,18.3
0.38,20,7.188,18.3
0.385,20,7.19225,18.3
0.39,20,7.1965,18.3
0.395,20,7.20075,18.3
0.4,20,7.205,18.3
0.405,20,7.20925,18.3
0.41,20,7.2135,18.3
0.415,20,7.21775,18.3
0.42,20,7.222,18.3
0.425,20,7.22625,18.3
0.43,20,7.2305,18.3
0.435,20,7.23475,18.3
0.44,20,7.239,18.3
0.445,20,7.24325,18.3
0.45,20,7.2475,18.3
0.455,20,7.25175,18.3
0.46,20,7.256,18.3
0.465,20,7.26025,18.3
0.47,20,7.2645,18.3
0.475,20,7.26875,18.3
0.48,20,7.273,18.3
0.485,20,7.27725,18.3
0.49,20,7.2815,18.3
0.495,20,7.28575,18.3
0.5,20,7.29,18.3
0.505,20,7.29425,18.3
0.51,20,7.2985,18.3
0.515,20,7.30275,18.3
0.52,20,7.307,18.3
0.525,20,7.31125,18.3
0.53,20,7.3155,18.3
0.535,20,7.31975,18.3
0.54,20,7.324,18.3
0.545,20,7.32825,18.3
0.55,20,7.3325,18.3
0.555,20,7.33675,18.3
0.56,20,7.341,18.3
0.565,20,7.34525,18.3
0.57,20,7.3495,18.3
0.575,20,7.35375,18.3
0.58,20,7.358,18.3
0.585,20,7.36225,18.3
0.59,20,7.3665,18.3
0.595,20,7.37075,18.4
0.6,20,-153.025,18.4
0.605,20,6.97875,18.4
0.61,20,6.98275,18.4
0.615,20,6.98675,18.4
0.62,20,6.99075,18.4
0.625,20,6.99475,18.4
0.63,20,6.99875,18.4
0.635,20,7.00275,18.4
0.64,20,7.00675,18.4
0.645,20,7.01075,18.4
0.65,20,7.01475,18.4
0.655,20,7.01875,18.4
0.66,20,7.02275,18.4
0.665,20,7.02675,18.4
0.67,20,7.03075,18.4
0.675,20,7.03475,18.4
0.68,20,7.03875,18.4
0.685,20,7.04275,18.4
0.69,20,7.04675,18.4
0.695,20,7.05075,18.4
0.7,20,7.05475,18.4
0.705,20,7.05875,18.5
0.71,20,-153.337,18.5
0.715,20,6.66625,18.5
0.72,20,6.67,18.5
0.725,20,6.67375,18.5
0.73,20,6.6775,18.5
0.735,20,6.68125,18.5
0.74,20,6.685,18.5
0.745,20,6.68875,18.5
0.75,20,6.6925,18.5
0.755,20,6.69625,18.5
0.76,20,6.7,18.5
0.765,20,6.70375,18.5
0.77,20,6.7075,18.5
0.775,20,6.71125,18.5
0.78,20,6.715,18.5
0.785,20,6.71875,18.5
0.79,20,6.7225,18.5
0.795,20,6.72625,18.5
0.8,20,6.73,18.5
0.805,20,6.73375,18.5
0.81,20,6.7375,18.5
0.815,20,6.74125,18.5
0.82,20,6.745,18.5
0.825,20,6.74875,18.5
0.83,20,6.7525,18.5
0.835,20,6.75625,18.5
0.84,20,6.76,18.5
0.845,20,6.76375,18.5
0.85,20,6.7675,18.5
0.855,20,6.77125,18.5
0.86,20,6.775,18.5
0.865,20,6.77875,18.6
0.87,20,-153.618,18.6
0.875,20,6.38575,18.6
0.88,20,6.38925,18.6
0.885,20,6.39275,18.6
0.89,20,6.39625,18.6
0.895,20,6.39975,18.7
0.9,20,-153.997,18.7
0.905,20,6.00625,18.7
0.91,20,6.0095,18.7
0.915,20,6.01275,18.7
0.92,20,6.016,18.7
0.925,20,6.01925,18.7
0.93,20,6.0225,18.7
0.935,20,6.02575,18.7
0.94,20,6.029,18.7
0.945,20,6.03225,18.7
0.95,20,6.0355,18.7
0.955,20,6.03875,18.8
0.96,20,-154.358,18.8
0.965,20,5.64475,18.8
0.97,20,5.64775,18.8
0.975,20,5.65075,18.8
0.98,20,5.65375,18.8
0.985,20,5.65675,18.8
0.99,20,5.65975,18.8
0.995,20,5.66275,18.8
1,20,5.66575,18.8
1.005,20,5.66875,18.8
1.01,20,5.67175,18.8
1.015,20,5.67475,18.8
1.02,20,5.67775,18.8
1.025,20,5.68075,18.8
1.03,20,5.68375,18.8
1.035,20,5.68675,18.8
1.04,20,5.68975,18.8
1.045,20,5.69275,18.8
1.05,20,5.69575,18.8
1.055,20,5.69875,18.8
1.06,20,5.70175,18.8
1.065,20,5.70475,18.8
1.07,20,5.70775,18.8
1.075,20,5.71075,18.8
1.08,20,5.71375,18.8
1.085,20,5.71675,18.8
1.09,20,5.71975,18.8
1.095,20,5.72275,18.8
1.1,20,5.72575,18.8
1.105,20,5.72875,18.8
1.11,20,5.73175,18.8
1.115,20,5.73475,18.8
1.12,20,5.73775,18.8
1.125,20,5.74075,18.8
1.13,20,5.74375,18.8
1.135,20,5.74675,18.8
1.14,20,5.74975,18.8
1.145,20,5.75275,18.8
1.15,20,5.75575,18.8
1.155,20,5.75875,18.8
1.16,20,5.76175,18.8
1.165,20,5.76475,18.8
1.17,20,5.76775,18.8
1.175,20,5.77075,18.8
1.18,20,5.77375,18.8
1.185,20,5.77675,18.8
1.19,20,5.77975,18.8
1.195,20,5.78275,18.8
1.2,20,5.78575,18.8
1.205,20,5.78875,18.8
1.21,20,5.79175,18.8
1.215,20,5.79475,18.8
1.22,20,5.79775,18.8
1.225,20,5.80075,18.8
1.23,20,5.80375,18.8
1.235,20,5.80675,18.8
1.24,20,5.80975,18.8
1.245,20,5.81275,18.8
1.25,20,5.81575,18.8
1.255,20,5.81875,18.8
1.26,20,5.82175,18.8
1.265,20,5.82475,18.8
1.27,20,5.82775,18.8
1.275,20,5.83075,18.8
1.28,20,5.83375,18.8
1.285,20,5.83675,18.8
1.29,20,5.83975,18.8
1.295,20,5.84275,18.8
1.3,20,5.84575,18.9
1.305,20,-154.552,18.9
1.31,20,5.45125,18.9
1.315,20,5.454,18.9
1.32,20,5.45675,18.9
1.325,20,5.4595,18.9
1.33,20,5.46225,18.9
1.335,20,5.465,18.9
1.34,20,5.46775,18.9
1.345,20,5.4705,18.9
1.35,20,5.47325,18.9
1.355,20,5.476,18.9
1.36,20,5.47875,18.9
1.365,20,5.4815,19
1.37,20,-154.916,19
1.375,20,5.0865,19
1.38,20,5.089,19
1.385,20,5.0915,19
1.39,20,5.094,19
1.395,20,5.0965,19
1.4,20,5.099,19
1.405,20,5.1015,19
1.41,20,5.104,19
1.415,20,5.1065,19
1.42,20,5.109,19
1.425,20,5.1115,19
1.43,20,5.114,19
1.435,20,5.1165,19
1.44,20,5.119,19
1.445,20,5.1215,19
1.45,20,5.124,19
1.455,20,5.1265,19
1.46,20,5.129,19
1.465,20,5.1315,19
1.47,20,5.134,19
1.475,20,5.1365,19
1.48,20,5.139,19
1.485,20,5.1415,19
1.49,20,5.144,19
1.495,20,5.1465,19
1.5,20,5.149,19
1.505,20,5.1515,19
1.51,20,5.154,19
1.515,20,5.1565,19
1.52,20,5.159,19
1.525,20,5.1615,19
1.53,20,5.164,19
1.535,20,5.1665,19
1.54,20,5.169,19
1.545,20,5.1715,19
1.55,20,5.174,19
1.555,20,5.1765,19
1.56,20,5.179,19
1.565,20,5.1815,19
1.57,20,5.184,19
1.575,20,5.1865,19
1.58,20,5.189,19
1.585,20,5.1915,19
1.59,20,5.194,19
1.595,20,5.1965,19
1.6,20,5.199,19
1.605,20,5.2015,19
1.61,20,5.204,19
1.615,20,5.2065,19
1.62,20,5.209,19
1.625,20,5.2115,19
1.63,20,5.214,19
1.635,20,5.2165,19.1
1.64,20,-155.181,19.1
1.645,20,4.821,19.1
1.65,20,4.82325,19.1
1.655,20,4.8255,19.1
1.66,20,4.82775,19.1
1.665,20,4.83,19.1
1.67,20,4.83225,19.1
1.675,20,4.8345,19.1
1.68,20,4.83675,19.1
1.685,20,4.839,19.1
1.69,20,4.84125,19.1
1.695,20,4.8435,19.1
1.7,20,4.84575,19.1
1.705,20,4.848,19.2
1.71,20,-155.55,19.2
1.715,20,4.452,19.2
1.72,20,4.454,19.2
1.725,20,4.456,19.2
1.73,20,4.458,19.2
1.735,20,4.46,19.2
1.74,20,4.462,19.2
1.745,20,4.464,19.2
1.75,20,4.466,19.2
1.755,20,4.468,19.2
1.76,20,4.47,19.2
1.765,20,4.472,19.2
1.77,20,4.474,19.2
1.775,20,4.476,19.2
1.78,20,4.478,19.2
1.785,20,4.48,19.2
1.79,20,4.482,19.2
1.795,20,4.484,19.2
1.8,20,4.486,19.2
1.805,20,4.488,19.2
1.81,20,4.49,19.2
1.815,20,4.492,19.2
1.82,20,4.494,19.2
1.825,20,4.496,19.2
1.83,20,4.498,19.2
1.835,20,4.5,19.2
1.84,20,4.502,19.2
1.845,20,4.504,19.2
1.85,20,4.506,19.2
1.855,20,4.508,19.2
1.86,20,4.51,19.2
1.865,20,4.512,19.2
1.87,20,4.514,19.2
1.875,20,4.516,19.2
1.88,20,4.518,19.2
1.885,20,4.52,19.2
1.89,20,4.522,19.2
1.895,20,4.524,19.2
1.9,20,4.526,19.2
1.905,20,4.528,19.2
1.91,20,4.53,19.2
1.915,20,4.532,19.2
1.92,20,4.534,19.2
1.925,20,4.536,19.2
1.93,20,4.538,19.2
1.935,20,4.54,19.2
1.94,20,4.542,19.2
1.945,20,4.544,19.2
1.95,20,4.546,19.2
1.955,20,4.548,19.2
1.96,20,4.55,19.2
1.965,20,4.552,19.2
1.97,20,4.554,19.2
1.975,20,4.556,19.2
1.98,20,4.558,19.2
1.985,20,4.56,19.2
1.99,20,4.562,19.2
1.995,20,4.564,19.2
2,20,4.566,19.2
2.005,20,4.568,19.2
2.01,20,4.57,19.2
2.015,20,4.572,19.3
2.02,20,-155.826,19.3
2.025,20,4.1755,19.3
2.03,20,4.17725,19.3
2.035,20,4.179,19.3
2.04,20,4.18075,19.3
2.045,20,4.1825,19.3
2.05,20,4.18425,19.3
2.055,20,4.186,19.3
2.06,20,4.18775,19.3
2.065,20,4.1895,19.3
2.07,20,4.19125,19.3
2.075,20,4.193,19.3
2.08,20,4.19475,19.3
2.085,20,4.1965,19.3
2.09,20,4.19825,19.3
2.095,20,4.2,19.3
2.1,20,4.20175,19.3
2.105,20,4.2035,19.4
2.11,20,-156.195,19.4
2.115,20,3.8065,19.4
2.12,20,3.808,19.4
2.125,20,3.8095,19.4
2.13,20,3.811,19.4
2.135,20,3.8125,19.4
2.14,20,3.814,19.4
2.145,20,3.8155,19.4
2.15,20,3.817,19.4
2.155,20,3.8185,19.4
2.16,20,3.82,19.4
2.165,20,3.8215,19.4
2.17,20,3.823,19.4
2.175,20,3.8245,19.4
2.18,20,3.826,19.4
2.185,20,3.8275,19.4
2.19,20,3.829,19.4
2.195,20,3.8305,19.4
2.2,20,3.832,19.4
2.205,20,3.8335,19.4
2.21,20,3.835,19.4
2.215,20,3.8365,19.4
2.22,20,3.838,19.4
2.225,20,3.8395,19.4
2.23,20,3.841,19.4
2.235,20,3.8425,19.4
2.24,20,3.844,19.4
2.245,20,3.8455,19.4
2.25,20,3.847,19.4
2.255,20,3.8485,19.4
2.26,20,3.85,19.4
2.265,20,3.8515,19.4
2.27,20,3.853,19.4
2.275,20,3.8545,19.4
2.28,20,3.856,19.4
2.285,20,3.8575,19.4
2.29,20,3.859,19.4
2.295,20,3.8605,19.4
2.3,20,3.862,19.4
2.305,20,3.8635,19.4
2.31,20,3.865,19.4
2.315,20,3.8665,19.4
2.32,20,3.868,19.4
2.325,20,3.8695,19.4
2.33,20,3.871,19.4
2.335,20,3.8725,19.4
2.34,20,3.874,19.4
2.345,20,3.8755,19.4
2.35,20,3.877,19.4
2.355,20,3.8785,19.4
2.36,20,3.88,19.4
2.365,20,3.8815,19.4
2.37,20,3.883,19.4
2.375,20,3.8845,19.4
2.38,20,3.886,19.4
2.385,20,3.8875,19.4
2.39,20,3.889,19.4
2.395,20,3.8905,19.4
2.4,20,3.892,19.4
2.405,20,3.8935,19.4
2.41,20,3.895,19.4
2.415,20,3.8965,19.4
2.42,20,3.898,19.4
2.425,20,3.8995,19.4
2.43,20,3.901,19.4
2.435,20,3.9025,19.4
2.44,20,3.904,19.4
2.445,20,3.9055,19.4
2.45,20,3.907,19.4
2.455,20,3.9085,19.4
2.46,20,3.91,19.4
2.465,20,3.9115,19.5
2.47,20,-156.487,19.5
2.475,20,3.514,19.5
2.48,20,3.51525,19.5
2.485,20,3.5165,19.5
2.49,20,3.51775,19.5
2.495,20,3.519,19.5
2.5,20,3.52025,19.5
2.505,20,3.5215,19.5
2.51,20,3.52275,19.5
2.515,20,3.524,19.5
2.52,20,3.52525,19.5
2.525,20,3.5265,19.5
2.53,20,3.52775,19.6
2.535,20,-156.871,19.6
2.54,20,3.12975,19.6
2.545,20,3.13075,19.6
2.55,20,3.13175,19.6
2.555,20,3.13275,19.6
2.56,20,3.13375,19.6
2.565,20,3.13475,19.6
2.57,20,3.13575,19.6
2.575,20,3.13675,19.6
2.58,20,3.13775,19.6
2.585,20,3.13875,19.6
2.59,20,3.13975,19.6
2.595,20,3.14075,19.6
2.6,20,3.14175,19.6
2.605,20,3.14275,19.6
2.61,20,3.14375,19.6
2.615,20,3.14475,19.6
2.62,20,3.14575,19.6
2.625,20,3.14675,19.6
2.63,20,3.14775,19.6
2.635,20,3.14875,19.6
2.64,20,3.14975,19.6
2.645,20,3.15075,19.6
2.65,20,3.15175,19.6
2.655,20,3.15275,19.6
2.66,20,3.15375,19.6
2.665,20,3.15475,19.6
2.67,20,3.15575,19.6
2.675,20,3.15675,19.6
2.68,20,3.15775,19.6
2.685,20,3.15875,19.6
2.69,20,3.15975,19.6
2.695,20,3.16075,19.6
2.7,20,3.16175,19.6
2.705,20,3.16275,19.6
2.71,20,3.16375,19.6
2.715,20,3.16475,19.6
2.72,20,3.16575,19.6
2.725,20,3.16675,19.6
2.73,20,3.16775,19.6
2.735,20,3.16875,19.6
2.74,20,3.16975,19.6
2.745,20,3.17075,19.6
2.75,20,3.17175,19.6
2.755,20,3.17275,19.6
2.76,20,3.17375,19.6
2.765,20,3.17475,19.6
2.77,20,3.17575,19.6
2.775,20,3.17675,19.6
2.78,20,3.17775,19.6
2.785,20,3.17875,19.6
2.79,20,3.17975,19.6
2.795,20,3.18075,19.6
2.8,20,3.18175,19.6
2.805,20,3.18275,19.6
2.81,20,3.18375,19.6
2.815,20,3.18475,19.6
2.82,20,3.18575,19.6
2.825,20,3.18675,19.6
2.83,20,3.18775,19.6
2.835,20,3.18875,19.6
2.84,20,3.18975,19.6
2.845,20,3.19075,19.6
2.85,20,3.19175,19.6
2.855,20,3.19275,19.6
2.86,20,3.19375,19.6
2.865,20,3.19475,19.6
2.87,20,3.19575,19.6
2.875,20,3.19675,19.6
2.88,20,3.19775,19.6
2.885,20,3.19875,19.6
2.89,20,3.19975,19.6
2.895,20,3.20075,19.6
2.9,20,3.20175,19.6
2.905,20,3.20275,19.6
2.91,20,3.20375,19.6
2.915,20,3.20475,19.6
2.92,20,3.20575,19.6
2.925,20,3.20675,19.6
2.93,20,3.20775,19.6
2.935,20,3.20875,19.6
2.94,20,3.20975,19.6
2.945,20,3.21075,19.6
2.95,20,3.21175,19.6
2.955,20,3.21275,19.6
2.96,20,3.21375,19.6
2.965,20,3.21475,19.6
2.97,20,3.21575,19.6
2.975,20,3.21675,19.6
2.98,20,3.21775,19.6
2.985,20,3.21875,19.6
2.99,20,3.21975,19.6
2.995,20,3.22075,19.7
3,20,-157.179,19.7
3.005,20,2.82225,19.7
3.01,20,2.823,19.7
3.015,20,2.82375,19.7
3.02,20,2.8245,19.7
3.025,20,2.82525,19.7
3.03,20,2.826,19.7
3.035,20,2.82675,19.7
3.04,20,2.8275,19.7
3.045,20,2.82825,19.7
3.05,20,2.829,19.7
3.055,20,2.82975,19.7
3.06,20,2.8305,19.7
3.065,20,2.83125,19.7
3.07,20,2.832,19.7
3.075,20,2.83275,19.7
3.08,20,2.8335,19.7
3.085,20,2.83425,19.7
3.09,20,2.835,19.7
3.095,20,2.83575,19.7
3.1,20,2.8365,19.7
3.105,20,2.83725,19.7
3.11,20,2.838,19.7
3.115,20,2.83875,19.7
3.12,20,2.8395,19.7
3.125,20,2.84025,19.7
3.13,20,2.841,19.7
3.135,20,2.84175,19.7
3.14,20,2.8425,19.7
3.145,20,2.84325,19.7
3.15,20,2.844,19.7
3.155,20,2.84475,19.7
3.16,20,2.8455,19.7
3.165,20,2.84625,19.8
3.17,20,-157.553,19.8
3.175,20,2.44725,19.8
3.18,20,2.44775,19.8
3.185,20,2.44825,19.8
3.19,20,2.44875,19.8
3.195,20,2.44925,19.8
3.2,20,2.44975,19.8
3.205,20,2.45025,19.8
3.21,20,2.45075,19.8
3.215,20,2.45125,19.8
3.22,20,2.45175,19.8
3.225,20,2.45225,19.8
3.23,20,2.45275,19.8
3.235,20,2.45325,19.8
3.24,20,2.45375,19.8
3.245,20,2.45425,19.8
3.25,20,2.45475,19.8
3.255,20,2.45525,19.8
3.26,20,2.45575,19.8
3.265,20,2.45625,19.8
3.27,20,2.45675,19.8
3.275,20,2.45725,19.8
3.28,20,2.45775,19.8
3.285,20,2.45825,19.8
3.29,20,2.45875,19.8
3.295,20,2.45925,19.8
3.3,20,2.45975,19.8
3.305,20,2.46025,19.8
3.31,20,2.46075,19.8
3.315,20,2.46125,19.8
3.32,20,2.46175,19.8
3.325,20,2.46225,19.8
3.33,20,2.46275,19.8
3.335,20,2.46325,19.8
3.34,20,2.46375,19.8
3.345,20,2.46425,19.8
3.35,20,2.46475,19.8
3.355,20,2.46525,19.8
3.36,20,2.46575,19.8
3.365,20,2.46625,19.8
3.37,20,2.46675,19.8
3.375,20,2.46725,19.8
3.38,20,2.46775,19.8
3.385,20,2.46825,19.8
3.39,20,2.46875,19.8
3.395,20,2.46925,19.8
3.4,20,2.46975,19.8
3.405,20,2.47025,19.8
3.41,20,2.47075,19.8
3.415,20,2.47125,19.8
3.42,20,2.47175,19.8
3.425,20,2.47225,19.8
3.43,20,2.47275,19.8
3.435,20,2.47325,19.8
3.44,20,2.47375,19.8
3.445,20,2.47425,19.8
3.45,20,2.47475,19.8
3.455,20,2.47525,19.8
3.46,20,2.47575,19.8
3.465,20,2.47625,19.8
3.47,20,2.47675,19.8
3.475,20,2.47725,19.8
3.48,20,2.47775,19.8
3.485,20,2.47825,19.8
3.49,20,2.47875,19.8
3.495,20,2.47925,19.8
3.5,20,2.47975,19.8
3.505,20,2.48025,19.8
3.51,20,2.48075,19.8
3.515,20,2.48125,19.8
3.52,20,2.48175,19.8
3.525,20,2.48225,19.8
3.53,20,2.48275,19.8
3.535,20,2.48325,19.8
3.54,20,2.48375,19.8
3.545,20,2.48425,19.8
3.55,20,2.48475,19.8
3.555,20,2.48525,19.8
3.56,20,2.48575,19.8
3.565,20,2.48625,19.8
3.57,20,2.48675,19.8
3.575,20,2.48725,19.8
3.58,20,2.48775,19.8
3.585,20,2.48825,19.8
3.59,20,2.48875,19.8
3.595,20,2.48925,19.8
3.6,20,2.48975,19.8
3.605,20,2.49025,19.8
3.61,20,2.49075,19.8
3.615,20,2.49125,19.8
3.62,20,2.49175,19.8
3.625,20,2.49225,19.8
3.63,20,2.49275,19.8
3.635,20,2.49325,19.8
3.64,20,2.49375,19.8
3.645,20,2.49425,19.8
3.65,20,2.49475,19.8
3.655,20,2.49525,19.8
3.66,20,2.49575,19.8
3.665,20,2.49625,19.8
3.67,20,2.49675,19.8
3.675,20,2.49725,19.8
3.68,20,2.49775,19.8
3.685,20,2.49825,19.8
3.69,20,2.49875,19.9
3.695,20,-157.901,19.9
3.7,20,2.09925,19.9
3.705,20,2.0995,19.9
3.71,20,2.09975,19.9
3.715,20,2.1,19.9
3.72,20,2.10025,19.9
3.725,20,2.1005,19.9
3.73,20,2.10075,19.9
3.735,20,2.101,19.9
3.74,20,2.10125,19.9
3.745,20,2.1015,19.9
3.75,20,2.10175,19.9
3.755,20,2.102,19.9
3.76,20,2.10225,19.9
3.765,20,2.1025,20
3.77,20,-158.297,20
3.775,20,1.7025,20
3.78,20,1.7025,20
3.785,20,1.7025,20
3.79,20,1.7025,20
3.795,20,1.7025,20
3.8,20,1.7025,20
3.805,20,1.7025,20
3.81,20,1.7025,20
3.815,20,1.7025,20
3.82,20,1.7025,20
3.825,20,1.7025,20
3.83,20,1.7025,20
3.835,20,1.7025,20
3.84,20,1.7025,20
3.845,20,1.7025,20
3.85,20,1.7025,20
3.855,20,1.7025,20
3.86,20,1.7025,20
3.865,20,1.7025,20
3.87,20,1.7025,20
3.875,20,1.7025,20
3.88,20,1.7025,20
3.885,20,1.7025,20
3.89,20,1.7025,20
3.895,20,1.7025,20
3.9,20,1.7025,20
3.905,20,1.7025,20
3.91,20,1.7025,20
3.915,20,1.7025,20
3.92,20,1.7025,20
3.925,20,1.7025,20
3.93,20,1.7025,20
3.935,20,1.7025,20
3.94,20,1.7025,20
3.945,20,1.7025,20
3.95,20,1.7025,20
3.955,20,1.7025,20
3.96,20,1.7025,20
3.965,20,1.7025,20
3.97,20,1.7025,20
3.975,20,1.7025,20
3.98,20,1.7025,20
3.985,20,1.7025,20
3.99,20,1.7025,20
3.995,20,1.7025,20
4,20,1.7025,20
4.005,20,1.7025,20
4.01,20,1.7025,20
4.015,20,1.7025,20
4.02,20,1.7025,20
4.025,20,1.7025,20
4.03,20,1.7025,20
4.035,20,1.7025,20
4.04,20,1.7025,20
4.045,20,1.7025,20
4.05,20,1.7025,20
4.055,20,1.7025,20
4.06,20,1.7025,20
4.065,20,1.7025,20
4.07,20,1.7025,20
4.075,20,1.7025,20
4.08,20,1.7025,20
4.085,20,1.7025,20
4.09,20,1.7025,20
4.095,20,1.7025,20
4.1,20,1.7025,20
4.105,20,1.7025,20
4.11,20,1.7025,20
4.115,20,1.7025,20
4.12,20,1.7025,20
4.125,20,1.7025,20
4.13,20,1.7025,20
4.135,20,1.7025,20
4.14,20,1.7025,20
4.145,20,1.7025,20
4.15,20,1.7025,20
4.155,20,1.7025,20
4.16,20,1.7025,20
4.165,20,1.7025,20
4.17,20,1.7025,20
4.175,20,1.7025,20
4.18,20,1.7025,20
4.185,20,1.7025,20
4.19,20,1.7025,20
4.195,20,1.7025,20
4.2,20,1.7025,20
4.205,20,1.7025,20
4.21,20,1.7025,20
4.215,20,1.7025,20
4.22,20,1.7025,20
4.225,20,1.7025,20
4.23,20,1.7025,20
4.235,20,1.7025,20
4.24,20,1.7025,20
4.245,20,1.7025,20
4.25,20,1.7025,20
4.255,20,1.7025,20
4.26,20,1.7025,20
4.265,20,1.7025,20
4.27,20,1.7025,20
4.275,20,1.7025,20
4.28,20,1.7025,20
4.285,20,1.7025,20
4.29,20,1.7025,20
4.295,20,1.7025,20
4.3,20,1.7025,20
4.305,20,1.7025,20
4.31,20,1.7025,20
4.315,20,1.7025,20
4.32,20,1.7025,20
4.325,20,1.7025,20
4.33,20,1.7025,20
4.335,20,1.7025,20
4.34,20,1.7025,20
4.345,20,1.7025,20
4.35,20,1.7025,20
4.355,20,1.7025,20
4.36,20,1.7025,20
4.365,20,1.7025,20
4.37,20,1.7025,20
4.375,20,1.7025,20
4.38,20,1.7025,20
4.385,20,1.7025,20
4.39,20,1.7025,20
4.395,20,1.7025,20
4.4,20,1.7025,20
4.405,20,1.7025,20
4.41,20,1.7025,20
4.415,20,1.7025,20
4.42,20,1.7025,20
4.425,20,1.7025,20
4.43,20,1.7025,20
4.435,20,1.7025,20
4.44,20,1.7025,20
4.445,20,1.7025,20
4.45,20,1.7025,20
4.455,20,1.7025,20
4.46,20,1.7025,20
4.465,20,1.7025,20
4.47,20,1.7025,20
4.475,20,1.7025,20
4.48,20,1.7025,20
4.485,20,1.7025,20
4.49,20,1.7025,20
4.495,20,1.7025,20
4.5,20,1.7025,20
4.505,20,1.7025,20
4.51,20,1.7025,20
4.515,20,1.7025,20
4.52,20,1.7025,20
4.525,20,1.7025,20
4.53,20,1.7025,20
4.535,20,1.7025,20
4.54,20,1.7025,20
4.545,20,1.7025,20
4.55,20,1.7025,20
4.555,20,1.7025,20
4.56,20,1.7025,20
4.565,20,1.7025,20
4.57,20,1.7025,20
4.575,20,1.7025,20
4.58,20,1.7025,20
4.585,20,1.7025,20
4.59,20,1.7025,20
4.595,20,1.7025,20
4.6,20,1.7025,20
4.605,20,1.7025,20
4.61,20,1.7025,20
4.615,20,1.7025,20
4.62,20,1.7025,20
4.625,20,1.7025,20
4.63,20,1.7025,20
4.635,20,1.7025,20
4.64,20,1.7025,20
4.645,20,1.7025,20
4.65,20,1.7025,20
4.655,20,1.7025,20
4.66,20,1.7025,20
4.665,20,1.7025,20
4.67,20,1.7025,20
4.675,20,1.7025,20.1
4.68,20,-158.698,20.1
4.685,20,1.302,20.1
4.69,20,1.30175,20.1
4.695,20,1.3015,20.1
4.7,20,1.30125,20.1
4.705,20,1.301,20.1
4.71,20,1.30075,20.1
4.715,20,1.3005,20.1
4.72,20,1.30025,20.1
4.725,20,1.3,20.1
4.73,20,1.29975,20.1
4.735,20,1.2995,20.1
4.74,20,1.29925,20.1
4.745,20,1.299,20.1
4.75,20,1.29875,20.1
4.755,20,1.2985,20.1
4.76,20,1.29825,20.1
4.765,20,1.298,20.1
4.77,20,1.29775,20.1
4.775,20,1.2975,20.1
4.78,20,1.29725,20.1
4.785,20,1.297,20.1
4.79,20,1.29675,20.1
4.795,20,1.2965,20.1
4.8,20,1.29625,20.1
4.805,20,1.296,20.1
4.81,20,1.29575,20.1
4.815,20,1.2955,20.1
4.82,20,1.29525,20.1
4.825,20,1.295,20.1
4.83,20,1.29475,20.1
4.835,20,1.2945,20.1
4.84,20,1.29425,20.1
4.845,20,1.294,20.1
4.85,20,1.29375,20.1
4.855,20,1.2935,20.1
4.86,20,1.29325,20.1
4.865,20,1.293,20.1
4.87,20,1.29275,20.1
4.875,20,1.2925,20.1
4.88,20,1.29225,20.1
4.885,20,1.292,20.1
4.89,20,1.29175,20.1
4.895,20,1.2915,20.1
4.9,20,1.29125,20.1
4.905,20,1.291,20.1
4.91,20,1.29075,20.1
4.915,20,1.2905,20.1
4.92,20,1.29025,20.1
4.925,20,1.29,20.1
4.93,20,1.28975,20.1
4.935,20,1.2895,20.1
4.94,20,1.28925,20.1
4.945,20,1.289,20.1
4.95,20,1.28875,20.1
4.955,20,1.2885,20.1
4.96,20,1.28825,20.1
4.965,20,1.288,20.1
4.97,20,1.28775,20.1
4.975,20,1.2875,20.1
4.98,20,1.28725,20.1
4.985,20,1.287,20.1
4.99,20,1.28675,20.1
4.995,20,1.2865,20.1
5,20,1.28625,20.1
5.005,20,1.286,20.1
5.01,20,1.28575,20.1
5.015,20,1.2855,20.1
5.02,20,1.28525,20.1
5.025,20,1.285,20.1
5.03,20,1.28475,20.1
5.035,20,1.2845,20.1
5.04,20,1.28425,20.1
5.045,20,1.284,20.1
5.05,20,1.28375,20.1
5.055,20,1.2835,20.1
5.06,20,1.28325,20.1
5.065,20,1.283,20.1
5.07,20,1.28275,20.1
5.075,20,1.2825,20.1
5.08,20,1.28225,20.1
5.085,20,1.282,20.1
5.09,20,1.28175,20.1
5.095,20,1.2815,20.1
5.1,20,1.28125,20.1
5.105,20,1.281,20.1
5.11,20,1.28075,20.1
5.115,20,1.2805,20.1
5.12,20,1.28025,20.1
5.125,20,1.28,20.1
5.13,20,1.27975,20.1
5.135,20,1.2795,20.1
5.14,20,1.27925,20.1
5.145,20,1.279,20.1
5.15,20,1.27875,20.1
5.155,20,1.2785,20.1
5.16,20,1.27825,20.1
5.165,20,1.278,20.1
5.17,20,1.27775,20.1
5.175,20,1.2775,20.1
5.18,20,1.27725,20.1
5.185,20,1.277,20.1
5.19,20,1.27675,20.1
5.195,20,1.2765,20.1
5.2,20,1.27625,20.1
5.205,20,1.276,20.1
5.21,20,1.27575,20.1
5.215,20,1.2755,20.1
5.22,20,1.27525,20.1
5.225,20,1.275,20.1
5.23,20,1.27475,20.1
5.235,20,1.2745,20.1
5.24,20,1.27425,20.1
5.245,20,1.274,20.1
5.25,20,1.27375,20.1
5.255,20,1.2735,20.1
5.26,20,1.27325,20.1
5.265,20,1.273,20.1
5.27,20,1.27275,20.1
5.275,20,1.2725,20.1
5.28,20,1.27225,20.1
5.285,20,1.272,20.1
5.29,20,1.27175,20.1
5.295,20,1.2715,20.1
5.3,20,1.27125,20.1
5.305,20,1.271,20.1
5.31,20,1.27075,20.1
5.315,20,1.2705,20.1
5.32,20,1.27025,20.2
5.325,20,-159.13,20.2
5.33,20,0.86925,20.2
5.335,20,0.86875,20.2
5.34,20,0.86825,20.2
5.345,20,0.86775,20.2
5.35,20,0.86725,20.2
5.355,20,0.86675,20.2
5.36,20,0.86625,20.2
5.365,20,0.86575,20.2
5.37,20,0.86525,20.2
5.375,20,0.86475,20.2
5.38,20,0.86425,20.2
5.385,20,0.86375,20.2
5.39,20,0.86325,20.2
5.395,20,0.86275,20.2
5.4,20,0.86225,20.2
5.405,20,0.86175,20.2
5.41,20,0.86125,20.2
5.415,20,0.86075,20.2
5.42,20,0.86025,20.2
5.425,20,0.85975,20.2
5.43,20,0.85925,20.2
5.435,20,0.85875,20.2
5.44,20,0.85825,20.2
5.445,20,0.85775,20.2
5.45,20,0.85725,20.2
5.455,20,0.85675,20.2
5.46,20,0.85625,20.2
5.465,20,0.85575,20.2
5.47,20,0.85525,20.2
5.475,20,0.85475,20.2
5.48,20,0.85425,20.2
5.485,20,0.85375,20.2
5.49,20,0.85325,20.2
5.495,20,0.85275,20.2
5.5,20,0.85225,20.2
5.505,20,0.85175,20.2
5.51,20,0.85125,20.2
5.515,20,0.85075,20.2
5.52,20,0.85025,20.2
5.525,20,0.84975,20.2
5.53,20,0.84925,20.2
5.535,20,0.84875,20.2
5.54,20,0.84825,20.2
5.545,20,0.84775,20.2
5.55,20,0.84725,20.2
5.555,20,0.84675,20.2
5.56,20,0.84625,20.2
5.565,20,0.84575,20.2
5.57,20,0.84525,20.2
5.575,20,0.84475,20.2
5.58,20,0.84425,20.2
5.585,20,0.84375,20.2
5.59,20,0.84325,20.2
5.595,20,0.84275,20.2
5.6,20,0.84225,20.2
5.605,20,0.84175,20.2
5.61,20,0.84125,20.2
5.615,20,0.84075,20.2
5.62,20,0.84025,20.2
5.625,20,0.83975,20.2
5.63,20,0.83925,20.2
5.635,20,0.83875,20.2
5.64,20,0.83825,20.2
5.645,20,0.83775,20.2
5.65,20,0.83725,20.2
5.655,20,0.83675,20.2
5.66,20,0.83625,20.2
5.665,20,0.83575,20.2
5.67,20,0.83525,20.2
5.675,20,0.83475,20.2
5.68,20,0.83425,20.2
5.685,20,0.83375,20.2
5.69,20,0.83325,20.2
5.695,20,0.83275,20.2
5.7,20,0.83225,20.2
5.705,20,0.83175,20.2
5.71,20,0.83125,20.2
5.715,20,0.83075,20.2
5.72,20,0.83025,20.2
5.725,20,0.82975,20.2
5.73,20,0.82925,20.2
5.735,20,0.82875,20.2
5.74,20,0.82825,20.2
5.745,20,0.82775,20.2
5.75,20,0.82725,20.2
5.755,20,0.82675,20.2
5.76,20,0.82625,20.2
5.765,20,0.82575,20.2
5.77,20,0.82525,20.2
5.775,20,0.82475,20.2
5.78,20,0.82425,20.2
5.785,20,0.82375,20.2
5.79,20,0.82325,20.2
5.795,20,0.82275,20.2
5.8,20,0.82225,20.2
5.805,20,0.82175,20.2
5.81,20,0.82125,20.2
5.815,20,0.82075,20.2
5.82,20,0.82025,20.2
5.825,20,0.81975,20.2
5.83,20,0.81925,20.2
5.835,20,0.81875,20.2
5.84,20,0.81825,20.2
5.845,20,0.81775,20.2
5.85,20,0.81725,20.2
5.855,20,0.81675,20.2
5.86,20,0.81625,20.2
5.865,20,0.81575,20.2
5.87,20,0.81525,20.2
5.875,20,0.81475,20.2
5.88,20,0.81425,20.2
5.885,20,0.81375,20.2
5.89,20,0.81325,20.2
5.895,20,0.81275,20.2
5.9,20,0.81225,20.2
5.905,20,0.81175,20.2
5.91,20,0.81125,20.2
5.915,20,0.81075,20.2
5.92,20,0.81025,20.2
5.925,20,0.80975,20.2
5.93,20,0.80925,20.2
5.935,20,0.80875,20.2
5.94,20,0.80825,20.2
5.945,20,0.80775,20.2
5.95,20,0.80725,20.2
5.955,20,0.80675,20.2
5.96,20,0.80625,20.2
5.965,20,0.80575,20.2
5.97,20,0.80525,20.2
5.975,20,0.80475,20.2
5.98,20,0.80425,20.2
5.985,20,0.80375,20.2
5.99,20,0.80325,20.2
5.995,20,0.80275,20.2
6,12,-12831.2,14.7
6.005,12,8790.78,13.3
6.01,12,2236.37,13
6.015,12,477.57,12.9
6.02,12,157.967,12.9
6.025,12,-2.03475,12.9
6.03,12,-2.037,12.9
6.035,12,-2.03925,12.9
6.04,12,-2.0415,12.8
6.045,12,158.356,12.9
6.05,12,-162.046,13
6.055,12,-162.448,13
6.06,12,-2.45075,13
6.065,12,-2.45325,13.1
6.07,12,-162.856,13.1
6.075,12,-2.85875,13.2
6.08,12,-163.262,13.2
6.085,12,-3.26475,13.2
6.09,12,-3.26775,13.3
6.095,12,-163.671,13.2
6.1,12,156.726,13.2
6.105,12,-3.277,13.1
6.11,12,157.12,13.1
6.115,12,-2.8825,13.1
6.12,12,-2.88525,13.1
6.125,12,-2.888,13
6.13,12,157.51,13
6.135,12,-2.493,13
6.14,12,-2.4955,13
6.145,12,-2.498,12.9
6.15,12,157.9,12.9
6.155,12,-2.1025,12.9
6.16,12,-2.10475,12.9
6.165,12,-2.107,12.9
6.17,12,-2.10925,12.8
6.175,12,158.289,12.8
6.18,12,-1.71325,12.8
6.185,12,-1.71525,12.8
6.19,12,-1.71725,12.8
6.195,12,-1.71925,12.8
6.2,12,-1.72125,12.8
6.205,12,-1.72325,12.8
6.21,12,-1.72525,12.8
6.215,12,-1.72725,12.7
6.22,12,158.671,12.8
6.225,12,-161.731,12.9
6.23,12,-162.133,12.9
6.235,12,-2.1355,13
6.24,12,-162.538,13
6.245,12,-2.5405,13.1
6.25,12,-162.943,13.1
6.255,12,-2.946,13.1
6.26,12,-2.94875,13.2
6.265,12,-163.352,13.1
6.27,12,157.045,13.1
6.275,12,-2.95725,13.1
6.28,12,-2.96,13
6.285,12,157.438,13
6.29,12,-2.565,13
6.295,12,-2.5675,13
6.3,12,-2.57,12.9
6.305,12,157.828,12.9
6.31,12,-2.1745,12.9
6.315,12,-2.17675,12.9
6.32,12,-2.179,12.9
6.325,12,-2.18125,12.8
6.33,12,158.217,12.8
6.335,12,-1.78525,12.8
6.34,12,-1.78725,12.8
6.345,12,-1.78925,12.8
6.35,12,-1.79125,12.8
6.355,12,-1.79325,12.8
6.36,12,-1.79525,12.7
6.365,12,158.603,12.7
6.37,12,-1.39875,12.7
6.375,12,-1.4005,12.7
6.38,12,-1.40225,12.7
6.385,12,-1.404,12.7
6.39,12,-1.40575,12.7
6.395,12,-1.4075,12.7
6.4,12,-1.40925,12.7
6.405,12,-1.411,12.7
6.41,12,-1.41275,12.7
6.415,12,-1.4145,12.7
6.42,12,-1.41625,12.7
6.425,12,-1.418,12.7
6.43,12,-1.41975,12.7
6.435,12,-1.4215,12.7
6.44,12,-1.42325,12.7
6.445,12,-1.425,12.7
6.45,12,-1.42675,12.6
6.455,12,158.972,12.7
6.46,12,-161.43,12.8
6.465,12,-161.832,12.8
6.47,12,-1.834,12.9
6.475,12,-162.236,12.9
6.48,12,-2.2385,13
6.485,12,-162.641,13
6.49,12,-2.6435,13.1
6.495,12,-163.046,13
6.5,12,157.351,13
6.505,12,-2.65125,13
6.51,12,-2.65375,12.9
6.515,12,157.744,12.9
6.52,12,-2.25825,12.9
6.525,12,-2.2605,12.9
6.53,12,-2.26275,12.9
6.535,12,-2.265,12.8
6.54,12,158.133,12.8
6.545,12,-1.869,12.8
6.55,12,-1.871,12.8
6.555,12,-1.873,12.8
6.56,12,-1.875,12.8
6.565,12,-1.877,12.8
6.57,12,-1.879,12.7
6.575,12,158.519,12.7
6.58,12,-1.4825,12.7
6.585,12,-1.48425,12.7
6.59,12,-1.486,12.7
6.595,12,-1.48775,12.7
6.6,12,-1.4895,12.7
6.605,12,-1.49125,12.7
6.61,12,-1.493,12.7
6.615,12,-1.49475,12.7
6.62,12,-1.4965,12.7
6.625,12,-1.49825,12.7
6.63,12,-1.5,12.7
6.635,12,-1.50175,12.6
6.64,12,158.897,12.6
6.645,12,-1.10475,12.6
6.65,12,-1.10625,12.6
6.655,12,-1.10775,12.6
6.66,12,-1.10925,12.6
6.665,12,-1.11075,12.6
6.67,12,-1.11225,12.6
6.675,12,-1.11375,12.6
6.68,12,-1.11525,12.6
6.685,12,-1.11675,12.6
6.69,12,-1.11825,12.6
6.695,12,-1.11975,12.6
6.7,12,-1.12125,12.6
6.705,12,-1.12275,12.6
6.71,12,-1.12425,12.6
6.715,12,-1.12575,12.6
6.72,12,-1.12725,12.6
6.725,12,-1.12875,12.6
6.73,12,-1.13025,12.6
6.735,12,-1.13175,12.6
6.74,12,-1.13325,12.6
6.745,12,-1.13475,12.6
6.75,12,-1.13625,12.6
6.755,12,-1.13775,12.6
6.76,12,-1.13925,12.6
6.765,12,-1.14075,12.6
6.77,12,-1.14225,12.6
6.775,12,-1.14375,12.6
6.78,12,-1.14525,12.6
6.785,12,-1.14675,12.6
6.79,12,-1.14825,12.6
6.795,12,-1.14975,12.6
6.8,12,-1.15125,12.6
6.805,12,-1.15275,12.6
6.81,12,-1.15425,12.6
6.815,12,-1.15575,12.6
6.82,12,-1.15725,12.6
6.825,12,-1.15875,12.6
6.83,12,-1.16025,12.6
6.835,12,-1.16175,12.6
6.84,12,-1.16325,12.6
6.845,12,-1.16475,12.6
6.85,12,-1.16625,12.6
6.855,12,-1.16775,12.6
6.86,12,-1.16925,12.6
6.865,12,-1.17075,12.6
6.87,12,-1.17225,12.6
6.875,12,-1.17375,12.6
6.88,12,-1.17525,12.6
6.885,12,-1.17675,12.6
6.89,12,-1.17825,12.6
6.895,12,-1.17975,12.6
6.9,12,-1.18125,12.6
6.905,12,-1.18275,12.6
6.91,12,-1.18425,12.6
6.915,12,-1.18575,12.6
6.92,12,-1.18725,12.6
6.925,12,-1.18875,12.6
6.93,12,-1.19025,12.6
6.935,12,-1.19175,12.6
6.94,12,-1.19325,12.6
6.945,12,-1.19475,12.6
6.95,12,-1.19625,12.6
6.955,12,-1.19775,12.6
6.96,12,-1.19925,12.6
6.965,12,-1.20075,12.6
6.97,12,-1.20225,12.6
6.975,12,-1.20375,12.6
6.98,12,-1.20525,12.6
6.985,12,-1.20675,12.6
6.99,12,-1.20825,12.6
6.995,12,-1.20975,12.6
7,12,-1.21125,12.6
7.005,12,-1.21275,12.6
7.01,12,-1.21425,12.6
7.015,12,-1.21575,12.6
7.02,12,-1.21725,12.6
7.025,12,-1.21875,12.6
7.03,12,-1.22025,12.6
7.035,12,-1.22175,12.6
7.04,12,-1.22325,12.6
7.045,12,-1.22475,12.6
7.05,12,-1.22625,12.6
7.055,12,-1.22775,12.6
7.06,12,-1.22925,12.6
7.065,12,-1.23075,12.6
7.07,12,-1.23225,12.6
7.075,12,-1.23375,12.6
7.08,12,-1.23525,12.6
7.085,12,-1.23675,12.6
7.09,12,-1.23825,12.6
7.095,12,-1.23975,12.6
7.1,12,-1.24125,12.6
7.105,12,-1.24275,12.6
7.11,12,-1.24425,12.6
7.115,12,-1.24575,12.6
7.12,12,-1.24725,12.6
7.125,12,-1.24875,12.6
7.13,12,-1.25025,12.6
7.135,12,-1.25175,12.6
7.14,12,-1.25325,12.6
7.145,12,-1.25475,12.6
7.15,12,-1.25625,12.6
7.155,12,-1.25775,12.6
7.16,12,-1.25925,12.6
7.165,12,-1.26075,12.6
7.17,12,-1.26225,12.6
7.175,12,-1.26375,12.6
7.18,12,-1.26525,12.6
7.185,12,-1.26675,12.6
7.19,12,-1.26825,12.6
7.195,12,-1.26975,12.6
7.2,12,-1.27125,12.6
7.205,12,-1.27275,12.6
7.21,12,-1.27425,12.6
7.215,12,-1.27575,12.6
7.22,12,-1.27725,12.6
7.225,12,-1.27875,12.6
7.23,12,-1.28025,12.6
7.235,12,-1.28175,12.6
7.24,12,-1.28325,12.6
7.245,12,-1.28475,12.6
7.25,12,-1.28625,12.6
7.255,12,-1.28775,12.6
7.26,12,-1.28925,12.6
7.265,12,-1.29075,12.6
7.27,12,-1.29225,12.6
7.275,12,-1.29375,12.6
7.28,12,-1.29525,12.6
7.285,12,-1.29675,12.6
7.29,12,-1.29825,12.6
7.295,12,-1.29975,12.6
7.3,12,-1.30125,12.6
7.305,12,-1.30275,12.6
7.31,12,-1.30425,12.6
7.315,12,-1.30575,12.6
7.32,12,-1.30725,12.6
7.325,12,-1.30875,12.6
7.33,12,-1.31025,12.6
7.335,12,-1.31175,12.6
7.34,12,-1.31325,12.6
7.345,12,-1.31475,12.6
7.35,12,-1.31625,12.6
7.355,12,-1.31775,12.6
7.36,12,-1.31925,12.6
7.365,12,-1.32075,12.6
7.37,12,-1.32225,12.6
7.375,12,-1.32375,12.6
7.38,12,-1.32525,12.6
7.385,12,-1.32675,12.6
7.39,12,-1.32825,12.6
7.395,12,-1.32975,12.6
7.4,12,-1.33125,12.6
7.405,12,-1.33275,12.6
7.41,12,-1.33425,12.6
7.415,12,-1.33575,12.6
7.42,12,-1.33725,12.6
7.425,12,-1.33875,12.6
7.43,12,-1.34025,12.6
7.435,12,-1.34175,12.6
7.44,12,-1.34325,12.6
7.445,12,-1.34475,12.6
7.45,12,-1.34625,12.6
7.455,12,-1.34775,12.6
7.46,12,-1.34925,12.6
7.465,12,-1.35075,12.6
7.47,12,-1.35225,12.6
7.475,12,-1.35375,12.6
7.48,12,-1.35525,12.6
7.485,12,-1.35675,12.6
7.49,12,-1.35825,12.6
7.495,12,-1.35975,12.6
7.5,12,-1.36125,12.6
7.505,12,-1.36275,12.6
7.51,12,-1.36425,12.6
7.515,12,-1.36575,12.6
7.52,12,-1.36725,12.6
7.525,12,-1.36875,12.6
7.53,12,-1.37025,12.6
7.535,12,-1.37175,12.6
7.54,12,-1.37325,12.6
7.545,12,-1.37475,12.6
7.55,12,-1.37625,12.6
7.555,12,-1.37775,12.6
7.56,12,-1.37925,12.6
7.565,12,-1.38075,12.6
7.57,12,-1.38225,12.6
7.575,12,-1.38375,12.6
7.58,12,-1.38525,12.6
7.585,12,-1.38675,12.6
7.59,12,-1.38825,12.6
7.595,12,-1.38975,12.6
7.6,12,-1.39125,12.6
7.605,12,-1.39275,12.6
7.61,12,-1.39425,12.6
7.615,12,-1.39575,12.6
7.62,12,-1.39725,12.6
7.625,12,-1.39875,12.6
7.63,12,-1.40025,12.6
7.635,12,-1.40175,12.6
7.64,12,-1.40325,12.6
7.645,12,-1.40475,12.6
7.65,12,-1.40625,12.6
7.655,12,-1.40775,12.6
7.66,12,-1.40925,12.6
7.665,12,-1.41075,12.6
7.67,12,-1.41225,12.6
7.675,12,-1.41375,12.6
7.68,12,-1.41525,12.6
7.685,12,-1.41675,12.6
7.69,12,-1.41825,12.6
7.695,12,-1.41975,12.6
7.7,12,-1.42125,12.6
7.705,12,-1.42275,12.6
7.71,12,-1.42425,12.6
7.715,12,-1.42575,12.6
7.72,12,-1.42725,12.6
7.725,12,-1.42875,12.6
7.73,12,-1.43025,12.6
7.735,12,-1.43175,12.6
7.74,12,-1.43325,12.6
7.745,12,-1.43475,12.6
7.75,12,-1.43625,12.6
7.755,12,-1.43775,12.6
7.76,12,-1.43925,12.6
7.765,12,-1.44075,12.6
7.77,12,-1.44225,12.6
7.775,12,-1.44375,12.6
7.78,12,-1.44525,12.6
7.785,12,-1.44675,12.6
7.79,12,-1.44825,12.6
7.795,12,-1.44975,12.6
7.8,12,-1.45125,12.6
7.805,12,-1.45275,12.6
7.81,12,-1.45425,12.6
7.815,12,-1.45575,12.6
7.82,12,-1.45725,12.6
7.825,12,-1.45875,12.6
7.83,12,-1.46025,12.6
7.835,12,-1.46175,12.6
7.84,12,-1.46325,12.6
7.845,12,-1.46475,12.6
7.85,12,-1.46625,12.6
7.855,12,-1.46775,12.6
7.86,12,-1.46925,12.6
7.865,12,-1.47075,12.6
7.87,12,-1.47225,12.6
7.875,12,-1.47375,12.6
7.88,12,-1.47525,12.6
7.885,12,-1.47675,12.6
7.89,12,-1.47825,12.6
7.895,12,-1.47975,12.6
7.9,12,-1.48125,12.6
7.905,12,-1.48275,12.6
7.91,12,-1.48425,12.6
7.915,12,-1.48575,12.6
7.92,12,-1.48725,12.6
7.925,12,-1.48875,12.6
7.93,12,-1.49025,12.6
7.935,12,-1.49175,12.6
7.94,12,-1.49325,12.6
7.945,12,-1.49475,12.6
7.95,12,-1.49625,12.6
7.955,12,-1.49775,12.6
7.96,12,-1.49925,12.6
7.965,12,-1.50075,12.6
7.97,12,-1.50225,12.6
7.975,12,-1.50375,12.6
7.98,12,-1.50525,12.6
7.985,12,-1.50675,12.6
7.99,12,-1.50825,12.6
7.995,12,-1.50975,12.6
8,12,-1.51125,12.6
8.005,12,-1.51275,12.6
8.01,12,-1.51425,12.6
8.015,12,-1.51575,12.6
8.02,12,-1.51725,12.6
8.025,12,-1.51875,12.6
8.03,12,-1.52025,12.6
8.035,12,-1.52175,12.6
8.04,12,-1.52325,12.6
8.045,12,-1.52475,12.6
8.05,12,-1.52625,12.6
8.055,12,-1.52775,12.6
8.06,12,-1.52925,12.6
8.065,12,-1.53075,12.6
8.07,12,-1.53225,12.6
8.075,12,-1.53375,12.6
8.08,12,-1.53525,12.6
8.085,12,-1.53675,12.6
8.09,12,-1.53825,12.6
8.095,12,-1.53975,12.6
8.1,12,-1.54125,12.6
8.105,12,-1.54275,12.6
8.11,12,-1.54425,12.6
8.115,12,-1.54575,12.6
8.12,12,-1.54725,12.6
8.125,12,-1.54875,12.6
8.13,12,-1.55025,12.6
8.135,12,-1.55175,12.6
8.14,12,-1.55325,12.6
8.145,12,-1.55475,12.6
8.15,12,-1.55625,12.6
8.155,12,-1.55775,12.6
8.16,12,-1.55925,12.6
8.165,12,-1.56075,12.6
8.17,12,-1.56225,12.6
8.175,12,-1.56375,12.6
8.18,12,-1.56525,12.6
8.185,12,-1.56675,12.6
8.19,12,-1.56825,12.6
8.195,12,-1.56975,12.6
8.2,12,-1.57125,12.6
8.205,12,-1.57275,12.6
8.21,12,-1.57425,12.6
8.215,12,-1.57575,12.6
8.22,12,-1.57725,12.6
8.225,12,-1.57875,12.6
8.23,12,-1.58025,12.6
8.235,12,-1.58175,12.6
8.24,12,-1.58325,12.6
8.245,12,-1.58475,12.6
8.25,12,-1.58625,12.6
8.255,12,-1.58775,12.6
8.26,12,-1.58925,12.6
8.265,12,-1.59075,12.6
8.27,12,-1.59225,12.6
8.275,12,-1.59375,12.6
8.28,12,-1.59525,12.6
8.285,12,-1.59675,12.6
8.29,12,-1.59825,12.6
8.295,12,-1.59975,12.6
8.3,12,-1.60125,12.6
8.305,12,-1.60275,12.6
8.31,12,-1.60425,12.6
8.315,12,-1.60575,12.6
8.32,12,-1.60725,12.6
8.325,12,-1.60875,12.6
8.33,12,-1.61025,12.6
8.335,12,-1.61175,12.6
8.34,12,-1.61325,12.6
8.345,12,-1.61475,12.6
8.35,12,-1.61625,12.6
8.355,12,-1.61775,12.6
8.36,12,-1.61925,12.6
8.365,12,-1.62075,12.6
8.37,12,-1.62225,12.6
8.375,12,-1.62375,12.6
8.38,12,-1.62525,12.6
8.385,12,-1.62675,12.6
8.39,12,-1.62825,12.6
8.395,12,-1.62975,12.6
8.4,12,-1.63125,12.6
8.405,12,-1.63275,12.6
8.41,12,-1.63425,12.6
8.415,12,-1.63575,12.6
8.42,12,-1.63725,12.6
8.425,12,-1.63875,12.6
8.43,12,-1.64025,12.6
8.435,12,-1.64175,12.6
8.44,12,-1.64325,12.6
8.445,12,-1.64475,12.6
8.45,12,-1.64625,12.6
8.455,12,-1.64775,12.6
8.46,12,-1.64925,12.6
8.465,12,-1.65075,12.6
8.47,12,-1.65225,12.6
8.475,12,-1.65375,12.6
8.48,12,-1.65525,12.6
8.485,12,-1.65675,12.6
8.49,12,-1.65825,12.6
8.495,12,-1.65975,12.6
8.5,12,-1.66125,12.6
8.505,12,-1.66275,12.6
8.51,12,-1.66425,12.6
8.515,12,-1.66575,12.6
8.52,12,-1.66725,12.6
8.525,12,-1.66875,12.6
8.53,12,-1.67025,12.6
8.535,12,-1.67175,12.6
8.54,12,-1.67325,12.6
8.545,12,-1.67475,12.6
8.55,12,-1.67625,12.6
8.555,12,-1.67775,12.6
8.56,12,-1.67925,12.6
8.565,12,-1.68075,12.6
8.57,12,-1.68225,12.6
8.575,12,-1.68375,12.6
8.58,12,-1.68525,12.6
8.585,12,-1.68675,12.6
8.59,12,-1.68825,12.6
8.595,12,-1.68975,12.6
8.6,12,-1.69125,12.6
8.605,12,-1.69275,12.6
8.61,12,-1.69425,12.6
8.615,12,-1.69575,12.6
8.62,12,-1.69725,12.6
8.625,12,-1.69875,12.6
8.63,12,-1.70025,12.6
8.635,12,-1.70175,12.6
8.64,12,-1.70325,12.6
8.645,12,-1.70475,12.6
8.65,12,-1.70625,12.6
8.655,12,-1.70775,12.6
8.66,12,-1.70925,12.6
8.665,12,-1.71075,12.6
8.67,12,-1.71225,12.6
8.675,12,-1.71375,12.6
8.68,12,-1.71525,12.6
8.685,12,-1.71675,12.6
8.69,12,-1.71825,12.6
8.695,12,-1.71975,12.6
8.7,12,-1.72125,12.6
8.705,12,-1.72275,12.6
8.71,12,-1.72425,12.6
8.715,12,-1.72575,12.6
8.72,12,-1.72725,12.6
8.725,12,-1.72875,12.6
8.73,12,-1.73025,12.6
8.735,12,-1.73175,12.6
8.74,12,-1.73325,12.6
8.745,12,-1.73475,12.6
8.75,12,-1.73625,12.6
8.755,12,-1.73775,12.6
8.76,12,-1.73925,12.6
8.765,12,-1.74075,12.6
8.77,12,-1.74225,12.6
8.775,12,-1.74375,12.6
8.78,12,-1.74525,12.6
8.785,12,-1.74675,12.6
8.79,12,-1.74825,12.6
8.795,12,-1.74975,12.6
8.8,12,-1.75125,12.6
8.805,12,-1.75275,12.6
8.81,12,-1.75425,12.6
8.815,12,-1.75575,12.6
8.82,12,-1.75725,12.6
8.825,12,-1.75875,12.6
8.83,12,-1.76025,12.6
8.835,12,-1.76175,12.6
8.84,12,-1.76325,12.6
8.845,12,-1.76475,12.6
8.85,12,-1.76625,12.6
8.855,12,-1.76775,12.6
8.86,12,-1.76925,12.6
8.865,12,-1.77075,12.6
8.87,12,-1.77225,12.6
8.875,12,-1.77375,12.6
8.88,12,-1.77525,12.6
8.885,12,-1.77675,12.6
8.89,12,-1.77825,12.6
8.895,12,-1.77975,12.6
8.9,12,-1.78125,12.6
8.905,12,-1.78275,12.6
8.91,12,-1.78425,12.6
8.915,12,-1.78575,12.6
8.92,12,-1.78725,12.6
8.925,12,-1.78875,12.6
8.93,12,-1.79025,12.6
8.935,12,-1.79175,12.6
8.94,12,-1.79325,12.6
8.945,12,-1.79475,12.6
8.95,12,-1.79625,12.6
8.955,12,-1.79775,12.6
8.96,12,-1.79925,12.6
8.965,12,-1.80075,12.6
8.97,12,-1.80225,12.6
8.975,12,-1.80375,12.6
8.98,12,-1.80525,12.6
8.985,12,-1.80675,12.6
8.99,12,-1.80825,12.6
8.995,12,-1.80975,12.6
9,12,-1.81125,12.6
9.005,12,-1.81275,12.6
9.01,12,-1.81425,12.6
9.015,12,-1.81575,12.6
9.02,12,-1.81725,12.6
9.025,12,-1.81875,12.6
9.03,12,-1.82025,12.6
9.035,12,-1.82175,12.6
9.04,12,-1.82325,12.6
9.045,12,-1.82475,12.6
9.05,12,-1.82625,12.6
9.055,12,-1.82775,12.6
9.06,12,-1.82925,12.6
9.065,12,-1.83075,12.6
9.07,12,-1.83225,12.6
9.075,12,-1.83375,12.6
9.08,12,-1.83525,12.6
9.085,12,-1.83675,12.6
9.09,12,-1.83825,12.6
9.095,12,-1.83975,12.6
9.1,12,-1.84125,12.6
9.105,12,-1.84275,12.6
9.11,12,-1.84425,12.6
9.115,12,-1.84575,12.6
9.12,12,-1.84725,12.6
9.125,12,-1.84875,12.6
9.13,12,-1.85025,12.6
9.135,12,-1.85175,12.6
9.14,12,-1.85325,12.6
9.145,12,-1.85475,12.6
9.15,12,-1.85625,12.6
9.155,12,-1.85775,12.6
9.16,12,-1.85925,12.6
9.165,12,-1.86075,12.6
9.17,12,-1.86225,12.6
9.175,12,-1.86375,12.6
9.18,12,-1.86525,12.6
9.185,12,-1.86675,12.6
9.19,12,-1.86825,12.6
9.195,12,-1.86975,12.6
9.2,12,-1.87125,12.6
9.205,12,-1.87275,12.6
9.21,12,-1.87425,12.5
9.215,12,158.525,12.5
9.22,12,-1.47675,12.5
9.225,12,-1.478,12.5
9.23,12,-1.47925,12.5
9.235,12,-1.4805,12.5
9.24,12,-1.48175,12.5
9.245,12,-1.483,12.5
9.25,12,-1.48425,12.5
9.255,12,-1.4855,12.5
9.26,12,-1.48675,12.5
9.265,12,-1.488,12.5
9.27,12,-1.48925,12.5
9.275,12,-1.4905,12.5
9.28,12,-1.49175,12.5
9.285,12,-1.493,12.5
9.29,12,-1.49425,12.5
9.295,12,-1.4955,12.5
9.3,12,-1.49675,12.5
9.305,12,-1.498,12.5
9.31,12,-1.49925,12.5
9.315,12,-1.5005,12.5
9.32,12,-1.50175,12.5
9.325,12,-1.503,12.5
9.33,12,-1.50425,12.5
9.335,12,-1.5055,12.5
9.34,12,-1.50675,12.5
9.345,12,-1.508,12.5
9.35,12,-1.50925,12.5
9.355,12,-1.5105,12.5
9.36,12,-1.51175,12.5
9.365,12,-1.513,12.5
9.37,12,-1.51425,12.5
9.375,12,-1.5155,12.5
9.38,12,-1.51675,12.5
9.385,12,-1.518,12.5
9.39,12,-1.51925,12.5
9.395,12,-1.5205,12.5
9.4,12,-1.52175,12.5
9.405,12,-1.523,12.5
9.41,12,-1.52425,12.5
9.415,12,-1.5255,12.5
9.42,12,-1.52675,12.5
9.425,12,-1.528,12.5
9.43,12,-1.52925,12.5
9.435,12,-1.5305,12.5
9.44,12,-1.53175,12.5
9.445,12,-1.533,12.5
9.45,12,-1.53425,12.5
9.455,12,-1.5355,12.5
9.46,12,-1.53675,12.5
9.465,12,-1.538,12.5
9.47,12,-1.53925,12.5
9.475,12,-1.5405,12.5
9.48,12,-1.54175,12.5
9.485,12,-1.543,12.5
9.49,12,-1.54425,12.5
9.495,12,-1.5455,12.5
9.5,12,-1.54675,12.5
9.505,12,-1.548,12.5
9.51,12,-1.54925,12.5
9.515,12,-1.5505,12.5
9.52,12,-1.55175,12.5
9.525,12,-1.553,12.5
9.53,12,-1.55425,12.5
9.535,12,-1.5555,12.5
9.54,12,-1.55675,12.5
9.545,12,-1.558,12.5
9.55,12,-1.55925,12.5
9.555,12,-1.5605,12.5
9.56,12,-1.56175,12.5
9.565,12,-1.563,12.5
9.57,12,-1.56425,12.5
9.575,12,-1.5655,12.5
9.58,12,-1.56675,12.5
9.585,12,-1.568,12.5
9.59,12,-1.56925,12.5
9.595,12,-1.5705,12.5
9.6,12,-1.57175,12.5
9.605,12,-1.573,12.5
9.61,12,-1.57425,12.5
9.615,12,-1.5755,12.5
9.62,12,-1.57675,12.5
9.625,12,-1.578,12.5
9.63,12,-1.57925,12.5
9.635,12,-1.5805,12.5
9.64,12,-1.58175,12.5
9.645,12,-1.583,12.5
9.65,12,-1.58425,12.5
9.655,12,-1.5855,12.5
9.66,12,-1.58675,12.5
9.665,12,-1.588,12.5
9.67,12,-1.58925,12.5
9.675,12,-1.5905,12.5
9.68,12,-1.59175,12.5
9.685,12,-1.593,12.5
9.69,12,-1.59425,12.5
9.695,12,-1.5955,12.5
9.7,12,-1.59675,12.5
9.705,12,-1.598,12.5
9.71,12,-1.59925,12.5
9.715,12,-1.6005,12.5
9.72,12,-1.60175,12.5
9.725,12,-1.603,12.5
9.73,12,-1.60425,12.5
9.735,12,-1.6055,12.5
9.74,12,-1.60675,12.5
9.745,12,-1.608,12.5
9.75,12,-1.60925,12.5
9.755,12,-1.6105,12.4
9.76,12,158.788,12.4
9.765,12,-1.2125,12.4
9.77,12,-1.2135,12.4
9.775,12,-1.2145,12.4
9.78,12,-1.2155,12.4
9.785,12,-1.2165,12.4
9.79,12,-1.2175,12.4
9.795,12,-1.2185,12.4
9.8,12,-1.2195,12.4
9.805,12,-1.2205,12.4
9.81,12,-1.2215,12.4
9.815,12,-1.2225,12.4
9.82,12,-1.2235,12.4
9.825,12,-1.2245,12.4
9.83,12,-1.2255,12.4
9.835,12,-1.2265,12.4
9.84,12,-1.2275,12.4
9.845,12,-1.2285,12.4
9.85,12,-1.2295,12.4
9.855,12,-1.2305,12.4
9.86,12,-1.2315,12.4
9.865,12,-1.2325,12.4
9.87,12,-1.2335,12.4
9.875,12,-1.2345,12.4
9.88,12,-1.2355,12.4
9.885,12,-1.2365,12.4
9.89,12,-1.2375,12.4
9.895,12,-1.2385,12.4
9.9,12,-1.2395,12.4
9.905,12,-1.2405,12.4
9.91,12,-1.2415,12.4
9.915,12,-1.2425,12.4
9.92,12,-1.2435,12.4
9.925,12,-1.2445,12.4
9.93,12,-1.2455,12.4
9.935,12,-1.2465,12.4
9.94,12,-1.2475,12.4
9.945,12,-1.2485,12.4
9.95,12,-1.2495,12.4
9.955,12,-1.2505,12.4
9.96,12,-1.2515,12.4
9.965,12,-1.2525,12.4
9.97,12,-1.2535,12.4
9.975,12,-1.2545,12.4
9.98,12,-1.2555,12.4
9.985,12,-1.2565,12.4
9.99,12,-1.2575,12.4
9.995,12,-1.2585,12.4
10,12,-1.2595,12.4
10.005,12,-1.2605,12.4
10.01,12,-1.2615,12.4
10.015,12,-1.2625,12.4
10.02,12,-1.2635,12.4
10.025,12,-1.2645,12.4
10.03,12,-1.2655,12.4
10.035,12,-1.2665,12.4
10.04,12,-1.2675,12.4
10.045,12,-1.2685,12.4
10.05,12,-1.2695,12.4
10.055,12,-1.2705,12.4
10.06,12,-1.2715,12.4
10.065,12,-1.2725,12.4
10.07,12,-1.2735,12.4
10.075,12,-1.2745,12.4
10.08,12,-1.2755,12.4
10.085,12,-1.2765,12.4
10.09,12,-1.2775,12.4
10.095,12,-1.2785,12.4
10.1,12,-1.2795,12.4
10.105,12,-1.2805,12.4
10.11,12,-1.2815,12.4
10.115,12,-1.2825,12.4
10.12,12,-1.2835,12.4
10.125,12,-1.2845,12.4
10.13,12,-1.2855,12.4
10.135,12,-1.2865,12.4
10.14,12,-1.2875,12.4
10.145,12,-1.2885,12.4
10.15,12,-1.2895,12.4
10.155,12,-1.2905,12.4
10.16,12,-1.2915,12.4
10.165,12,-1.2925,12.4
10.17,12,-1.2935,12.4
10.175,12,-1.2945,12.4
10.18,12,-1.2955,12.4
10.185,12,-1.2965,12.4
10.19,12,-1.2975,12.4
10.195,12,-1.2985,12.4
10.2,12,-1.2995,12.4
10.205,12,-1.3005,12.4
10.21,12,-1.3015,12.4
10.215,12,-1.3025,12.4
10.22,12,-1.3035,12.4
10.225,12,-1.3045,12.4
10.23,12,-1.3055,12.4
10.235,12,-1.3065,12.4
10.24,12,-1.3075,12.4
10.245,12,-1.3085,12.4
10.25,12,-1.3095,12.4
10.255,12,-1.3105,12.4
10.26,12,-1.3115,12.4
10.265,12,-1.3125,12.4
10.27,12,-1.3135,12.4
10.275,12,-1.3145,12.4
10.28,12,-1.3155,12.4
10.285,12,-1.3165,12.4
10.29,12,-1.3175,12.4
10.295,12,-1.3185,12.4
10.3,12,-1.3195,12.4
10.305,12,-1.3205,12.4
10.31,12,-1.3215,12.4
10.315,12,-1.3225,12.4
10.32,12,-1.3235,12.4
10.325,12,-1.3245,12.4
10.33,12,-1.3255,12.4
10.335,12,-1.3265,12.4
10.34,12,-1.3275,12.4
10.345,12,-1.3285,12.4
10.35,12,-1.3295,12.4
10.355,12,-1.3305,12.4
10.36,12,-1.3315,12.4
10.365,12,-1.3325,12.4
10.37,12,-1.3335,12.4
10.375,12,-1.3345,12.4
10.38,12,-1.3355,12.4
10.385,12,-1.3365,12.4
10.39,12,-1.3375,12.4
10.395,12,-1.3385,12.4
10.4,12,-1.3395,12.4
10.405,12,-1.3405,12.4
10.41,12,-1.3415,12.4
10.415,12,-1.3425,12.4
10.42,12,-1.3435,12.4
10.425,12,-1.3445,12.4
10.43,12,-1.3455,12.4
10.435,12,-1.3465,12.4
10.44,12,-1.3475,12.4
10.445,12,-1.3485,12.4
10.45,12,-1.3495,12.4
10.455,12,-1.3505,12.3
10.46,12,159.049,12.3
10.465,12,-0.952,12.3
10.47,12,-0.95275,12.3
10.475,12,-0.9535,12.3
10.48,12,-0.95425,12.3
10.485,12,-0.955,12.3
10.49,12,-0.95575,12.3
10.495,12,-0.9565,12.3
10.5,12,-0.95725,12.3
10.505,12,-0.958,12.3
10.51,12,-0.95875,12.3
10.515,12,-0.9595,12.3
10.52,12,-0.96025,12.3
10.525,12,-0.961,12.3
10.53,12,-0.96175,12.3
10.535,12,-0.9625,12.3
10.54,12,-0.96325,12.3
10.545,12,-0.964,12.3
10.55,12,-0.96475,12.3
10.555,12,-0.9655,12.3
10.56,12,-0.96625,12.3
10.565,12,-0.967,12.3
10.57,12,-0.96775,12.3
10.575,12,-0.9685,12.3
10.58,12,-0.96925,12.3
10.585,12,-0.97,12.3
10.59,12,-0.97075,12.3
10.595,12,-0.9715,12.3
10.6,12,-0.97225,12.3
10.605,12,-0.973,12.3
10.61,12,-0.97375,12.3
10.615,12,-0.9745,12.3
10.62,12,-0.97525,12.3
10.625,12,-0.976,12.3
10.63,12,-0.97675,12.3
10.635,12,-0.9775,12.3
10.64,12,-0.97825,12.3
10.645,12,-0.979,12.3
10.65,12,-0.97975,12.3
10.655,12,-0.9805,12.3
10.66,12,-0.98125,12.3
10.665,12,-0.982,12.3
10.67,12,-0.98275,12.3
10.675,12,-0.9835,12.3
10.68,12,-0.98425,12.3
10.685,12,-0.985,12.3
10.69,12,-0.98575,12.3
10.695,12,-0.9865,12.3
10.7,12,-0.98725,12.3
10.705,12,-0.988,12.3
10.71,12,-0.98875,12.3
10.715,12,-0.9895,12.3
10.72,12,-0.99025,12.3
10.725,12,-0.991,12.3
10.73,12,-0.99175,12.3
10.735,12,-0.9925,12.3
10.74,12,-0.99325,12.3
10.745,12,-0.994,12.3
10.75,12,-0.99475,12.3
10.755,12,-0.9955,12.3
10.76,12,-0.99625,12.3
10.765,12,-0.997,12.3
10.77,12,-0.99775,12.3
10.775,12,-0.9985,12.3
10.78,12,-0.99925,12.3
10.785,12,-1,12.3
10.79,12,-1.00075,12.3
10.795,12,-1.0015,12.3
10.8,12,-1.00225,12.3
10.805,12,-1.003,12.3
10.81,12,-1.00375,12.3
10.815,12,-1.0045,12.3
10.82,12,-1.00525,12.3
10.825,12,-1.006,12.3
10.83,12,-1.00675,12.3
10.835,12,-1.0075,12.3
10.84,12,-1.00825,12.3
10.845,12,-1.009,12.3
10.85,12,-1.00975,12.3
10.855,12,-1.0105,12.3
10.86,12,-1.01125,12.3
10.865,12,-1.012,12.3
10.87,12,-1.01275,12.3
10.875,12,-1.0135,12.3
10.88,12,-1.01425,12.3
10.885,12,-1.015,12.3
10.89,12,-1.01575,12.3
10.895,12,-1.0165,12.3
10.9,12,-1.01725,12.3
10.905,12,-1.018,12.3
10.91,12,-1.01875,12.3
10.915,12,-1.0195,12.3
10.92,12,-1.02025,12.3
10.925,12,-1.021,12.3
10.93,12,-1.02175,12.3
10.935,12,-1.0225,12.3
10.94,12,-1.02325,12.3
10.945,12,-1.024,12.3
10.95,12,-1.02475,12.3
10.955,12,-1.0255,12.3
10.96,12,-1.02625,12.3
10.965,12,-1.027,12.3
10.97,12,-1.02775,12.3
10.975,12,-1.0285,12.3
10.98,12,-1.02925,12.3
10.985,12,-1.03,12.3
10.99,12,-1.03075,12.3
10.995,12,-1.0315,12.3
11,13.5,2404.97,13.3
11.005,13.5,-1599.03,13.6
11.01,13.5,-480.228,13.6
11.015,13.5,-0.2285,13.7
11.02,13.5,-160.629,13.7
11.025,13.5,-0.6295,13.6
11.03,13.5,159.77,13.6
11.035,13.5,-0.23,13.6
11.04,13.5,-0.23025,13.6
11.045,13.5,-0.2305,13.6
11.05,13.5,-0.23075,13.5
11.055,13.5,160.169,13.5
11.06,13.5,0.16925,13.5
11.065,13.5,0.16925,13.5
11.07,13.5,0.16925,13.5
11.075,13.5,0.16925,13.5
11.08,13.5,0.16925,13.5
11.085,13.5,0.16925,13.5
11.09,13.5,0.16925,13.5
11.095,13.5,0.16925,13.4
11.1,13.5,160.569,13.4
11.105,13.5,0.56975,13.4
11.11,13.5,0.57,13.4
11.115,13.5,0.57025,13.4
11.12,13.5,0.5705,13.4
11.125,13.5,0.57075,13.4
11.13,13.5,0.571,13.4
11.135,13.5,0.57125,13.4
11.14,13.5,0.5715,13.4
11.145,13.5,0.57175,13.4
11.15,13.5,0.572,13.4
11.155,13.5,0.57225,13.4
11.16,13.5,0.5725,13.4
11.165,13.5,0.57275,13.4
11.17,13.5,0.573,13.4
11.175,13.5,0.57325,13.4
11.18,13.5,0.5735,13.4
11.185,13.5,0.57375,13.4
11.19,13.5,0.574,13.4
11.195,13.5,0.57425,13.4
11.2,13.5,0.5745,13.4
11.205,13.5,0.57475,13.4
11.21,13.5,0.575,13.3
11.215,13.5,160.975,13.3
11.22,13.5,0.976,13.3
11.225,13.5,0.9765,13.3
11.23,13.5,0.977,13.3
11.235,13.5,0.9775,13.3
11.24,13.5,0.978,13.3
11.245,13.5,0.9785,13.3
11.25,13.5,0.979,13.3
11.255,13.5,0.9795,13.3
11.26,13.5,0.98,13.3
11.265,13.5,0.9805,13.3
11.27,13.5,0.981,13.3
11.275,13.5,0.9815,13.3
11.28,13.5,0.982,13.3
11.285,13.5,0.9825,13.3
11.29,13.5,0.983,13.3
11.295,13.5,0.9835,13.3
11.3,13.5,0.984,13.3
11.305,13.5,0.9845,13.3
11.31,13.5,0.985,13.3
11.315,13.5,0.9855,13.3
11.32,13.5,0.986,13.3
11.325,13.5,0.9865,13.3
11.33,13.5,0.987,13.3
11.335,13.5,0.9875,13.3
11.34,13.5,0.988,13.3
11.345,13.5,0.9885,13.3
11.35,13.5,0.989,13.3
11.355,13.5,0.9895,13.3
11.36,13.5,0.99,13.3
11.365,13.5,0.9905,13.3
11.37,13.5,0.991,13.3
11.375,13.5,0.9915,13.3
11.38,13.5,0.992,13.3
11.385,13.5,0.9925,13.3
11.39,13.5,0.993,13.3
11.395,13.5,0.9935,13.3
11.4,13.5,0.994,13.3
11.405,13.5,0.9945,13.3
11.41,13.5,0.995,13.3
11.415,13.5,0.9955,13.3
11.42,13.5,0.996,13.3
11.425,13.5,0.9965,13.3
11.43,13.5,0.997,13.3
11.435,13.5,0.9975,13.3
11.44,13.5,0.998,13.3
11.445,13.5,0.9985,13.3
11.45,13.5,0.999,13.3
11.455,13.5,0.9995,13.3
11.46,13.5,1,13.3
11.465,13.5,1.0005,13.3
11.47,13.5,1.001,13.3
11.475,13.5,1.0015,13.3
11.48,13.5,1.002,13.3
11.485,13.5,1.0025,13.3
11.49,13.5,1.003,13.3
11.495,13.5,1.0035,13.3
11.5,13.5,1.004,13.3
11.505,13.5,1.0045,13.3
11.51,13.5,1.005,13.3
11.515,13.5,1.0055,13.3
11.52,13.5,1.006,13.3
11.525,13.5,1.0065,13.3
11.53,13.5,1.007,13.3
11.535,13.5,1.0075,13.3
11.54,13.5,1.008,13.3
11.545,13.5,1.0085,13.3
11.55,13.5,1.009,13.3
11.555,13.5,1.0095,13.3
11.56,13.5,1.01,13.3
11.565,13.5,1.0105,13.3
11.57,13.5,1.011,13.3
11.575,13.5,1.0115,13.3
11.58,13.5,1.012,13.3
11.585,13.5,1.0125,13.3
11.59,13.5,1.013,13.3
11.595,13.5,1.0135,13.3
11.6,13.5,1.014,13.3
11.605,13.5,1.0145,13.3
11.61,13.5,1.015,13.3
11.615,13.5,1.0155,13.3
11.62,13.5,1.016,13.3
11.625,13.5,1.0165,13.3
11.63,13.5,1.017,13.3
11.635,13.5,1.0175,13.3
11.64,13.5,1.018,13.3
11.645,13.5,1.0185,13.3
11.65,13.5,1.019,13.3
11.655,13.5,1.0195,13.3
11.66,13.5,1.02,13.3
11.665,13.5,1.0205,13.3
11.67,13.5,1.021,13.3
11.675,13.5,1.0215,13.3
11.68,13.5,1.022,13.3
11.685,13.5,1.0225,13.3
11.69,13.5,1.023,13.3
11.695,13.5,1.0235,13.3
11.7,13.5,1.024,13.3
11.705,13.5,1.0245,13.3
11.71,13.5,1.025,13.3
11.715,13.5,1.0255,13.3
11.72,13.5,1.026,13.3
11.725,13.5,1.0265,13.3
11.73,13.5,1.027,13.3
11.735,13.5,1.0275,13.3
11.74,13.5,1.028,13.3
11.745,13.5,1.0285,13.3
11.75,13.5,1.029,13.3
11.755,13.5,1.0295,13.3
11.76,13.5,1.03,13.3
11.765,13.5,1.0305,13.3
11.77,13.5,1.031,13.3
11.775,13.5,1.0315,13.3
11.78,13.5,1.032,13.3
11.785,13.5,1.0325,13.3
11.79,13.5,1.033,13.3
11.795,13.5,1.0335,13.3
11.8,13.5,1.034,13.3
11.805,13.5,1.0345,13.3
11.81,13.5,1.035,13.3
11.815,13.5,1.0355,13.3
11.82,13.5,1.036,13.3
11.825,13.5,1.0365,13.3
11.83,13.5,1.037,13.3
11.835,13.5,1.0375,13.3
11.84,13.5,1.038,13.3
11.845,13.5,1.0385,13.3
11.85,13.5,1.039,13.3
11.855,13.5,1.0395,13.3
11.86,13.5,1.04,13.3
11.865,13.5,1.0405,13.3
11.87,13.5,1.041,13.3
11.875,13.5,1.0415,13.3
11.88,13.5,1.042,13.3
11.885,13.5,1.0425,13.3
11.89,13.5,1.043,13.3
11.895,13.5,1.0435,13.3
11.9,13.5,1.044,13.3
11.905,13.5,1.0445,13.3
11.91,13.5,1.045,13.3
11.915,13.5,1.0455,13.3
11.92,13.5,1.046,13.3
11.925,13.5,1.0465,13.3
11.93,13.5,1.047,13.3
11.935,13.5,1.0475,13.3
11.94,13.5,1.048,13.3
11.945,13.5,1.0485,13.3
11.95,13.5,1.049,13.3
11.955,13.5,1.0495,13.3
11.96,13.5,1.05,13.3
11.965,13.5,1.0505,13.3
11.97,13.5,1.051,13.3
11.975,13.5,1.0515,13.3
11.98,13.5,1.052,13.3
11.985,13.5,1.0525,13.3
11.99,13.5,1.053,13.4
11.995,13.5,-159.347,13.4
12,13.5,0.6535,13.4
12.005,13.5,0.65375,13.4
12.01,13.5,0.654,13.4
12.015,13.5,0.65425,13.4
12.02,13.5,0.6545,13.4
12.025,13.5,0.65475,13.4
12.03,13.5,0.655,13.4
12.035,13.5,0.65525,13.4
12.04,13.5,0.6555,13.4
12.045,13.5,0.65575,13.4
12.05,13.5,0.656,13.4
12.055,13.5,0.65625,13.4
12.06,13.5,0.6565,13.4
12.065,13.5,0.65675,13.4
12.07,13.5,0.657,13.4
12.075,13.5,0.65725,13.4
12.08,13.5,0.6575,13.4
12.085,13.5,0.65775,13.4
12.09,13.5,0.658,13.4
12.095,13.5,0.65825,13.4
12.1,13.5,0.6585,13.4
12.105,13.5,0.65875,13.4
12.11,13.5,0.659,13.4
12.115,13.5,0.65925,13.4
12.12,13.5,0.6595,13.4
12.125,13.5,0.65975,13.4
12.13,13.5,0.66,13.4
12.135,13.5,0.66025,13.4
12.14,13.5,0.6605,13.4
12.145,13.5,0.66075,13.4
12.15,13.5,0.661,13.4
12.155,13.5,0.66125,13.4
12.16,13.5,0.6615,13.4
12.165,13.5,0.66175,13.4
12.17,13.5,0.662,13.4
12.175,13.5,0.66225,13.4
12.18,13.5,0.6625,13.4
12.185,13.5,0.66275,13.4
12.19,13.5,0.663,13.4
12.195,13.5,0.66325,13.4
12.2,13.5,0.6635,13.4
12.205,13.5,0.66375,13.4
12.21,13.5,0.664,13.4
12.215,13.5,0.66425,13.4
12.22,13.5,0.6645,13.4
12.225,13.5,0.66475,13.4
12.23,13.5,0.665,13.4
12.235,13.5,0.66525,13.4
12.24,13.5,0.6655,13.4
12.245,13.5,0.66575,13.4
12.25,13.5,0.666,13.4
12.255,13.5,0.66625,13.4
12.26,13.5,0.6665,13.4
12.265,13.5,0.66675,13.4
12.27,13.5,0.667,13.4
12.275,13.5,0.66725,13.4
12.28,13.5,0.6675,13.4
12.285,13.5,0.66775,13.4
12.29,13.5,0.668,13.4
12.295,13.5,0.66825,13.4
12.3,13.5,0.6685,13.4
12.305,13.5,0.66875,13.4
12.31,13.5,0.669,13.4
12.315,13.5,0.66925,13.4
12.32,13.5,0.6695,13.4
12.325,13.5,0.66975,13.4
12.33,13.5,0.67,13.4
12.335,13.5,0.67025,13.4
12.34,13.5,0.6705,13.4
12.345,13.5,0.67075,13.4
12.35,13.5,0.671,13.4
12.355,13.5,0.67125,13.4
12.36,13.5,0.6715,13.4
12.365,13.5,0.67175,13.4
12.37,13.5,0.672,13.4
12.375,13.5,0.67225,13.4
12.38,13.5,0.6725,13.4
12.385,13.5,0.67275,13.4
12.39,13.5,0.673,13.4
12.395,13.5,0.67325,13.4
12.4,13.5,0.6735,13.4
12.405,13.5,0.67375,13.4
12.41,13.5,0.674,13.4
12.415,13.5,0.67425,13.4
12.42,13.5,0.6745,13.4
12.425,13.5,0.67475,13.4
12.43,13.5,0.675,13.4
12.435,13.5,0.67525,13.4
12.44,13.5,0.6755,13.4
12.445,13.5,0.67575,13.4
12.45,13.5,0.676,13.4
12.455,13.5,0.67625,13.4
12.46,13.5,0.6765,13.4
12.465,13.5,0.67675,13.4
12.47,13.5,0.677,13.4
12.475,13.5,0.67725,13.4
12.48,13.5,0.6775,13.4
12.485,13.5,0.67775,13.4
12.49,13.5,0.678,13.4
12.495,13.5,0.67825,13.4
12.5,13.5,0.6785,13.4
12.505,13.5,0.67875,13.4
12.51,13.5,0.679,13.4
12.515,13.5,0.67925,13.4
12.52,13.5,0.6795,13.4
12.525,13.5,0.67975,13.4
12.53,13.5,0.68,13.4
12.535,13.5,0.68025,13.4
12.54,13.5,0.6805,13.4
12.545,13.5,0.68075,13.4
12.55,13.5,0.681,13.4
12.555,13.5,0.68125,13.4
12.56,13.5,0.6815,13.4
12.565,13.5,0.68175,13.4
12.57,13.5,0.682,13.4
12.575,13.5,0.68225,13.4
12.58,13.5,0.6825,13.4
12.585,13.5,0.68275,13.4
12.59,13.5,0.683,13.4
12.595,13.5,0.68325,13.4
12.6,13.5,0.6835,13.4
12.605,13.5,0.68375,13.4
12.61,13.5,0.684,13.4
12.615,13.5,0.68425,13.4
12.62,13.5,0.6845,13.4
12.625,13.5,0.68475,13.4
12.63,13.5,0.685,13.4
12.635,13.5,0.68525,13.4
12.64,13.5,0.6855,13.4
12.645,13.5,0.68575,13.4
12.65,13.5,0.686,13.4
12.655,13.5,0.68625,13.4
12.66,13.5,0.6865,13.4
12.665,13.5,0.68675,13.4
12.67,13.5,0.687,13.4
12.675,13.5,0.68725,13.4
12.68,13.5,0.6875,13.4
12.685,13.5,0.68775,13.4
12.69,13.5,0.688,13.4
12.695,13.5,0.68825,13.4
12.7,13.5,0.6885,13.4
12.705,13.5,0.68875,13.4
12.71,13.5,0.689,13.4
12.715,13.5,0.68925,13.4
12.72,13.5,0.6895,13.4
12.725,13.5,0.68975,13.4
12.73,13.5,0.69,13.4
12.735,13.5,0.69025,13.4
12.74,13.5,0.6905,13.4
12.745,13.5,0.69075,13.4
12.75,13.5,0.691,13.4
12.755,13.5,0.69125,13.4
12.76,13.5,0.6915,13.4
12.765,13.5,0.69175,13.4
12.77,13.5,0.692,13.4
12.775,13.5,0.69225,13.4
12.78,13.5,0.6925,13.4
12.785,13.5,0.69275,13.4
12.79,13.5,0.693,13.4
12.795,13.5,0.69325,13.4
12.8,13.5,0.6935,13.4
12.805,13.5,0.69375,13.4
12.81,13.5,0.694,13.4
12.815,13.5,0.69425,13.4
12.82,13.5,0.6945,13.4
12.825,13.5,0.69475,13.4
12.83,13.5,0.695,13.4
12.835,13.5,0.69525,13.4
12.84,13.5,0.6955,13.4
12.845,13.5,0.69575,13.4
12.85,13.5,0.696,13.4
12.855,13.5,0.69625,13.4
12.86,13.5,0.6965,13.4
12.865,13.5,0.69675,13.4
12.87,13.5,0.697,13.4
12.875,13.5,0.69725,13.4
12.88,13.5,0.6975,13.4
12.885,13.5,0.69775,13.4
12.89,13.5,0.698,13.4
12.895,13.5,0.69825,13.4
12.9,13.5,0.6985,13.4
12.905,13.5,0.69875,13.4
12.91,13.5,0.699,13.4
12.915,13.5,0.69925,13.4
12.92,13.5,0.6995,13.4
12.925,13.5,0.69975,13.4
12.93,13.5,0.7,13.4
12.935,13.5,0.70025,13.4
12.94,13.5,0.7005,13.4
12.945,13.5,0.70075,13.4
12.95,13.5,0.701,13.4
12.955,13.5,0.70125,13.4
12.96,13.5,0.7015,13.4
12.965,13.5,0.70175,13.4
12.97,13.5,0.702,13.4
12.975,13.5,0.70225,13.4
12.98,13.5,0.7025,13.4
12.985,13.5,0.70275,13.4
12.99,13.5,0.703,13.4
12.995,13.5,0.70325,13.4
13,13.5,0.7035,13.4
13.005,13.5,0.70375,13.4
13.01,13.5,0.704,13.4
13.015,13.5,0.70425,13.4
13.02,13.5,0.7045,13.4
13.025,13.5,0.70475,13.4
13.03,13.5,0.705,13.4
13.035,13.5,0.70525,13.4
13.04,13.5,0.7055,13.4
13.045,13.5,0.70575,13.4
13.05,13.5,0.706,13.4
13.055,13.5,0.70625,13.4
13.06,13.5,0.7065,13.4
13.065,13.5,0.70675,13.4
13.07,13.5,0.707,13.4
13.075,13.5,0.70725,13.4
13.08,13.5,0.7075,13.4
13.085,13.5,0.70775,13.4
13.09,13.5,0.708,13.4
13.095,13.5,0.70825,13.4
13.1,13.5,0.7085,13.4
13.105,13.5,0.70875,13.4
13.11,13.5,0.709,13.4
13.115,13.5,0.70925,13.4
13.12,13.5,0.7095,13.4
13.125,13.5,0.70975,13.4
13.13,13.5,0.71,13.4
13.135,13.5,0.71025,13.4
13.14,13.5,0.7105,13.4
13.145,13.5,0.71075,13.4
13.15,13.5,0.711,13.4
13.155,13.5,0.71125,13.4
13.16,13.5,0.7115,13.4
13.165,13.5,0.71175,13.4
13.17,13.5,0.712,13.4
13.175,13.5,0.71225,13.4
13.18,13.5,0.7125,13.4
13.185,13.5,0.71275,13.4
13.19,13.5,0.713,13.4
13.195,13.5,0.71325,13.4
13.2,13.5,0.7135,13.4
13.205,13.5,0.71375,13.4
13.21,13.5,0.714,13.4
13.215,13.5,0.71425,13.4
13.22,13.5,0.7145,13.4
13.225,13.5,0.71475,13.4
13.23,13.5,0.715,13.4
13.235,13.5,0.71525,13.4
13.24,13.5,0.7155,13.4
13.245,13.5,0.71575,13.4
13.25,13.5,0.716,13.4
13.255,13.5,0.71625,13.4
13.26,13.5,0.7165,13.5
13.265,13.5,-159.683,13.5
13.27,13.5,0.3165,13.5
13.275,13.5,0.3165,13.5
13.28,13.5,0.3165,13.5
13.285,13.5,0.3165,13.5
13.29,13.5,0.3165,13.5
13.295,13.5,0.3165,13.5
13.3,13.5,0.3165,13.5
13.305,13.5,0.3165,13.5
13.31,13.5,0.3165,13.5
13.315,13.5,0.3165,13.5
13.32,13.5,0.3165,13.5
13.325,13.5,0.3165,13.5
13.33,13.5,0.3165,13.5
13.335,13.5,0.3165,13.5
13.34,13.5,0.3165,13.5
13.345,13.5,0.3165,13.5
13.35,13.5,0.3165,13.5
13.355,13.5,0.3165,13.5
13.36,13.5,0.3165,13.5
13.365,13.5,0.3165,13.5
13.37,13.5,0.3165,13.5
13.375,13.5,0.3165,13.5
13.38,13.5,0.3165,13.5
13.385,13.5,0.3165,13.5
13.39,13.5,0.3165,13.5
13.395,13.5,0.3165,13.5
13.4,13.5,0.3165,13.5
13.405,13.5,0.3165,13.5
13.41,13.5,0.3165,13.5
13.415,13.5,0.3165,13.5
13.42,13.5,0.3165,13.5
13.425,13.5,0.3165,13.5
13.43,13.5,0.3165,13.5
13.435,13.5,0.3165,13.5
13.44,13.5,0.3165,13.5
13.445,13.5,0.3165,13.5
13.45,13.5,0.3165,13.5
13.455,13.5,0.3165,13.5
13.46,13.5,0.3165,13.5
13.465,13.5,0.3165,13.5
13.47,13.5,0.3165,13.5
13.475,13.5,0.3165,13.5
13.48,13.5,0.3165,13.5
13.485,13.5,0.3165,13.5
13.49,13.5,0.3165,13.5
13.495,13.5,0.3165,13.5
13.5,13.5,0.3165,13.5
13.505,13.5,0.3165,13.5
13.51,13.5,0.3165,13.5
13.515,13.5,0.3165,13.5
13.52,13.5,0.3165,13.5
13.525,13.5,0.3165,13.5
13.53,13.5,0.3165,13.5
13.535,13.5,0.3165,13.5
13.54,13.5,0.3165,13.5
13.545,13.5,0.3165,13.5
13.55,13.5,0.3165,13.5
13.555,13.5,0.3165,13.5
13.56,13.5,0.3165,13.5
13.565,13.5,0.3165,13.5
13.57,13.5,0.3165,13.5
13.575,13.5,0.3165,13.5
13.58,13.5,0.3165,13.5
13.585,13.5,0.3165,13.5
13.59,13.5,0.3165,13.5
13.595,13.5,0.3165,13.5
13.6,13.5,0.3165,13.5
13.605,13.5,0.3165,13.5
13.61,13.5,0.3165,13.5
13.615,13.5,0.3165,13.5
13.62,13.5,0.3165,13.5
13.625,13.5,0.3165,13.5
13.63,13.5,0.3165,13.5
13.635,13.5,0.3165,13.5
13.64,13.5,0.3165,13.5
13.645,13.5,0.3165,13.5
13.65,13.5,0.3165,13.5
13.655,13.5,0.3165,13.5
13.66,13.5,0.3165,13.5
13.665,13.5,0.3165,13.5
13.67,13.5,0.3165,13.5
13.675,13.5,0.3165,13.5
13.68,13.5,0.3165,13.5
13.685,13.5,0.3165,13.5
13.69,13.5,0.3165,13.5
13.695,13.5,0.3165,13.5
13.7,13.5,0.3165,13.5
13.705,13.5,0.3165,13.5
13.71,13.5,0.3165,13.5
13.715,13.5,0.3165,13.5
13.72,13.5,0.3165,13.5
13.725,13.5,0.3165,13.5
13.73,13.5,0.3165,13.5
13.735,13.5,0.3165,13.5
13.74,13.5,0.3165,13.5
13.745,13.5,0.3165,13.5
13.75,13.5,0.3165,13.5
13.755,13.5,0.3165,13.5
13.76,13.5,0.3165,13.5
13.765,13.5,0.3165,13.5
13.77,13.5,0.3165,13.5
13.775,13.5,0.3165,13.5
13.78,13.5,0.3165,13.5
13.785,13.5,0.3165,13.5
13.79,13.5,0.3165,13.5
13.795,13.5,0.3165,13.5
13.8,13.5,0.3165,13.5
13.805,13.5,0.3165,13.5
13.81,13.5,0.3165,13.5
13.815,13.5,0.3165,13.5
13.82,13.5,0.3165,13.5
13.825,13.5,0.3165,13.5
13.83,13.5,0.3165,13.5
13.835,13.5,0.3165,13.5
13.84,13.5,0.3165,13.5
13.845,13.5,0.3165,13.5
13.85,13.5,0.3165,13.5
13.855,13.5,0.3165,13.5
13.86,13.5,0.3165,13.5
13.865,13.5,0.3165,13.5
13.87,13.5,0.3165,13.5
13.875,13.5,0.3165,13.5
13.88,13.5,0.3165,13.5
13.885,13.5,0.3165,13.5
13.89,13.5,0.3165,13.5
13.895,13.5,0.3165,13.5
13.9,13.5,0.3165,13.5
13.905,13.5,0.3165,13.5
13.91,13.5,0.3165,13.5
13.915,13.5,0.3165,13.5
13.92,13.5,0.3165,13.5
13.925,13.5,0.3165,13.5
13.93,13.5,0.3165,13.5
13.935,13.5,0.3165,13.5
13.94,13.5,0.3165,13.5
13.945,13.5,0.3165,13.5
13.95,13.5,0.3165,13.5
13.955,13.5,0.3165,13.5
13.96,13.5,0.3165,13.5
13.965,13.5,0.3165,13.5
13.97,13.5,0.3165,13.5
13.975,13.5,0.3165,13.5
13.98,13.5,0.3165,13.5
13.985,13.5,0.3165,13.5
13.99,13.5,0.3165,13.5
13.995,13.5,0.3165,13.5
14,13.5,0.3165,13.5
14.005,13.5,0.3165,13.5
14.01,13.5,0.3165,13.5
14.015,13.5,0.3165,13.5
14.02,13.5,0.3165,13.5
14.025,13.5,0.3165,13.5
14.03,13.5,0.3165,13.5
14.035,13.5,0.3165,13.5
14.04,13.5,0.3165,13.5
14.045,13.5,0.3165,13.5
14.05,13.5,0.3165,13.5
14.055,13.5,0.3165,13.5
14.06,13.5,0.3165,13.5
14.065,13.5,0.3165,13.5
14.07,13.5,0.3165,13.5
14.075,13.5,0.3165,13.5
14.08,13.5,0.3165,13.5
14.085,13.5,0.3165,13.5
14.09,13.5,0.3165,13.5
14.095,13.5,0.3165,13.5
14.1,13.5,0.3165,13.5
14.105,13.5,0.3165,13.5
14.11,13.5,0.3165,13.5
14.115,13.5,0.3165,13.5
14.12,13.5,0.3165,13.5
14.125,13.5,0.3165,13.5
14.13,13.5,0.3165,13.5
14.135,13.5,0.3165,13.5
14.14,13.5,0.3165,13.5
14.145,13.5,0.3165,13.5
14.15,13.5,0.3165,13.5
14.155,13.5,0.3165,13.5
14.16,13.5,0.3165,13.5
14.165,13.5,0.3165,13.5
14.17,13.5,0.3165,13.5
14.175,13.5,0.3165,13.5
14.18,13.5,0.3165,13.5
14.185,13.5,0.3165,13.5
14.19,13.5,0.3165,13.5
14.195,13.5,0.3165,13.5
14.2,13.5,0.3165,13.5
14.205,13.5,0.3165,13.5
14.21,13.5,0.3165,13.5
14.215,13.5,0.3165,13.5
14.22,13.5,0.3165,13.5
14.225,13.5,0.3165,13.5
14.23,13.5,0.3165,13.5
14.235,13.5,0.3165,13.5
14.24,13.5,0.3165,13.5
14.245,13.5,0.3165,13.5
14.25,13.5,0.3165,13.5
14.255,13.5,0.3165,13.5
14.26,13.5,0.3165,13.5
14.265,13.5,0.3165,13.5
14.27,13.5,0.3165,13.5
14.275,13.5,0.3165,13.5
14.28,13.5,0.3165,13.5
14.285,13.5,0.3165,13.5
14.29,13.5,0.3165,13.5
14.295,13.5,0.3165,13.5
14.3,13.5,0.3165,13.5
14.305,13.5,0.3165,13.5
14.31,13.5,0.3165,13.5
14.315,13.5,0.3165,13.5
14.32,13.5,0.3165,13.5
14.325,13.5,0.3165,13.5
14.33,13.5,0.3165,13.5
14.335,13.5,0.3165,13.5
14.34,13.5,0.3165,13.5
14.345,13.5,0.3165,13.5
14.35,13.5,0.3165,13.5
14.355,13.5,0.3165,13.5
14.36,13.5,0.3165,13.5
14.365,13.5,0.3165,13.5
14.37,13.5,0.3165,13.5
14.375,13.5,0.3165,13.5
14.38,13.5,0.3165,13.5
14.385,13.5,0.3165,13.5
14.39,13.5,0.3165,13.5
14.395,13.5,0.3165,13.5
14.4,13.5,0.3165,13.5
14.405,13.5,0.3165,13.5
14.41,13.5,0.3165,13.5
14.415,13.5,0.3165,13.5
14.42,13.5,0.3165,13.5
14.425,13.5,0.3165,13.5
14.43,13.5,0.3165,13.5
14.435,13.5,0.3165,13.5
14.44,13.5,0.3165,13.5
14.445,13.5,0.3165,13.5
14.45,13.5,0.3165,13.5
14.455,13.5,0.3165,13.5
14.46,13.5,0.3165,13.5
14.465,13.5,0.3165,13.5
14.47,13.5,0.3165,13.5
14.475,13.5,0.3165,13.5
14.48,13.5,0.3165,13.5
14.485,13.5,0.3165,13.5
14.49,13.5,0.3165,13.5
14.495,13.5,0.3165,13.5
14.5,13.5,0.3165,13.5
14.505,13.5,0.3165,13.5
14.51,13.5,0.3165,13.5
14.515,13.5,0.3165,13.5
14.52,13.5,0.3165,13.5
14.525,13.5,0.3165,13.5
14.53,13.5,0.3165,13.5
14.535,13.5,0.3165,13.5
14.54,13.5,0.3165,13.5
14.545,13.5,0.3165,13.5
14.55,13.5,0.3165,13.5
14.555,13.5,0.3165,13.5
14.56,13.5,0.3165,13.5
14.565,13.5,0.3165,13.5
14.57,13.5,0.3165,13.5
14.575,13.5,0.3165,13.5
14.58,13.5,0.3165,13.5
14.585,13.5,0.3165,13.5
14.59,13.5,0.3165,13.5
14.595,13.5,0.3165,13.5
14.6,13.5,0.3165,13.5
14.605,13.5,0.3165,13.5
14.61,13.5,0.3165,13.5
14.615,13.5,0.3165,13.5
14.62,13.5,0.3165,13.5
14.625,13.5,0.3165,13.5
14.63,13.5,0.3165,13.5
14.635,13.5,0.3165,13.5
14.64,13.5,0.3165,13.5
14.645,13.5,0.3165,13.5
14.65,13.5,0.3165,13.5
14.655,13.5,0.3165,13.5
14.66,13.5,0.3165,13.5
14.665,13.5,0.3165,13.5
14.67,13.5,0.3165,13.5
14.675,13.5,0.3165,13.5
14.68,13.5,0.3165,13.5
14.685,13.5,0.3165,13.5
14.69,13.5,0.3165,13.5
14.695,13.5,0.3165,13.5
14.7,13.5,0.3165,13.5
14.705,13.5,0.3165,13.5
14.71,13.5,0.3165,13.5
14.715,13.5,0.3165,13.5
14.72,13.5,0.3165,13.5
14.725,13.5,0.3165,13.5
14.73,13.5,0.3165,13.5
14.735,13.5,0.3165,13.5
14.74,13.5,0.3165,13.5
14.745,13.5,0.3165,13.5
14.75,13.5,0.3165,13.5
14.755,13.5,0.3165,13.5
14.76,13.5,0.3165,13.5
14.765,13.5,0.3165,13.5
14.77,13.5,0.3165,13.5
14.775,13.5,0.3165,13.5
14.78,13.5,0.3165,13.5
14.785,13.5,0.3165,13.5
14.79,13.5,0.3165,13.5
14.795,13.5,0.3165,13.5
14.8,13.5,0.3165,13.5
14.805,13.5,0.3165,13.5
14.81,13.5,0.3165,13.5
14.815,13.5,0.3165,13.5
14.82,13.5,0.3165,13.5
14.825,13.5,0.3165,13.5
14.83,13.5,0.3165,13.5
14.835,13.5,0.3165,13.5
14.84,13.5,0.3165,13.5
14.845,13.5,0.3165,13.5
14.85,13.5,0.3165,13.5
14.855,13.5,0.3165,13.5
14.86,13.5,0.3165,13.5
14.865,13.5,0.3165,13.5
14.87,13.5,0.3165,13.5
14.875,13.5,0.3165,13.5
14.88,13.5,0.3165,13.5
14.885,13.5,0.3165,13.5
14.89,13.5,0.3165,13.5
14.895,13.5,0.3165,13.5
14.9,13.5,0.3165,13.5
14.905,13.5,0.3165,13.5
14.91,13.5,0.3165,13.5
14.915,13.5,0.3165,13.5
14.92,13.5,0.3165,13.5
14.925,13.5,0.3165,13.5
14.93,13.5,0.3165,13.5
14.935,13.5,0.3165,13.5
14.94,13.5,0.3165,13.5
14.945,13.5,0.3165,13.5
14.95,13.5,0.3165,13.5
14.955,13.5,0.3165,13.5
14.96,13.5,0.3165,13.5
14.965,13.5,0.3165,13.5
14.97,13.5,0.3165,13.5
14.975,13.5,0.3165,13.5
14.98,13.5,0.3165,13.5
14.985,13.5,0.3165,13.5
14.99,13.5,0.3165,13.5
14.995,13.5,0.3165,13.5
